id,vesselName,vhash,companyName,chash,platformName,phash,voyageCount,multi,sortid
1,SKANDI BARRA,954942860,TOTAL,80012068,ELGIN,66057637,1,0,67
2,SKANDI RONA,-1354178746,SHELL,78865936,SCOTER (oil),-1442538815,5,0,1
3,SKANDI RONA,-1354178746,SHELL,78865936,GANNET G,-949074896,5,0,17
4,SKANDI RONA,-1354178746,SHELL,78865936,GANNET A,-949074902,5,0,18
5,SKANDI RONA,-1354178746,SHELL,78865936,GANNET E,-949074898,5,0,21
6,SKANDI RONA,-1354178746,SHELL,78865936,GANNET C,-949074900,5,0,20
7,ISLAND CHALLENGER,-1182779558,BP,2126,MARNOCK-SKUA (cond),-1044193739,2,0,6
8,ISLAND CHALLENGER,-1182779558,BP,2126,MONAN,73541657,2,0,64
9,SEA TANTALUS,1033933901,NEXEN,74177002,BUZZARD,965041792,2,0,47
10,SEA TANTALUS,1033933901,NEXEN,74177002,GOLDEN EAGLE,1429227533,2,0,46
11,HAVILA CRUSADER,1798630972,REPSOL,-1881188397,BUCHAN,1970090533,2,0,41
12,HAVILA CRUSADER,1798630972,REPSOL,-1881188397,MONTROSE,463927351,2,0,13
13,VESTLAND CETUS,-1663906517,ENQUEST,-876275271,SCOLTY,-1854442638,1,0,38
14,SKANDI BARRA,954942860,TOTAL,80012068,ELGIN,66057637,1,0,67
15,SKANDI BUCHAN,-443528389,TOTAL,80012068,ELGIN,66057637,1,0,67
16,SKANDI RONA,-1354178746,SHELL,78865936,GANNET G,-949074896,7,0,17
17,SKANDI RONA,-1354178746,SHELL,78865936,GANNET A,-949074902,7,0,18
18,SKANDI RONA,-1354178746,SHELL,78865936,GANNET E,-949074898,7,0,21
19,SKANDI RONA,-1354178746,SHELL,78865936,HERON,68630420,7,0,3
20,SKANDI RONA,-1354178746,SHELL,78865936,GANNET C,-949074900,7,0,20
21,SKANDI RONA,-1354178746,SHELL,78865936,SCOTER (oil),-1442538815,7,0,1
22,SKANDI RONA,-1354178746,SHELL,78865936,MERGANSER,115750726,7,0,2
23,ISLAND CHALLENGER,-1182779558,BP,2126,MARNOCK-SKUA (oil),-1834447383,4,0,5
24,ISLAND CHALLENGER,-1182779558,BP,2126,MIRREN,-2020581755,4,0,65
25,ISLAND CHALLENGER,-1182779558,BP,2126,MARNOCK-SKUA (cond),-1044193739,4,0,6
26,ISLAND CHALLENGER,-1182779558,BP,2126,MONAN,73541657,4,0,64
27,SEA TANTALUS,1033933901,NEXEN,74177002,BUZZARD,965041792,2,0,47
28,SEA TANTALUS,1033933901,NEXEN,74177002,GOLDEN EAGLE,1429227533,2,0,46
29,HAVILA CRUSADER,1798630972,REPSOL,-1881188397,WOOD,2670253,4,0,12
30,HAVILA CRUSADER,1798630972,REPSOL,-1881188397,CARNOUSTIE,-2071798339,4,0,10
31,HAVILA CRUSADER,1798630972,REPSOL,-1881188397,GODWIN,2107739616,4,0,14
32,HAVILA CRUSADER,1798630972,REPSOL,-1881188397,BUCHAN,1970090533,4,0,41
33,GRAMPIAN SCEPTRE,398550601,REPSOL,-1881188397,BRECHIN,859081663,3,0,7
34,GRAMPIAN SCEPTRE,398550601,REPSOL,-1881188397,ARBROATH,-952916089,3,0,11
35,GRAMPIAN SCEPTRE,398550601,REPSOL,-1881188397,ARKWRIGHT,68113087,3,0,8
36,VESTLAND CETUS,-1663906517,ENQUEST,-876275271,GROUSE,2110836259,3,0,34
37,VESTLAND CETUS,-1663906517,ENQUEST,-876275271,CRATHES,1743397588,3,0,37
38,VESTLAND CETUS,-1663906517,ENQUEST,-876275271,KITTIWAKE,-28175409,3,0,35
39,SKANDI BARRA,954942860,TOTAL,80012068,ELGIN,66057637,1,0,67
40,SKANDI RONA,-1354178746,SHELL,78865936,GANNET A,-949074902,6,0,18
41,SKANDI RONA,-1354178746,SHELL,78865936,GANNET E,-949074898,6,0,21
42,SKANDI RONA,-1354178746,SHELL,78865936,GANNET C,-949074900,6,0,20
43,SKANDI RONA,-1354178746,SHELL,78865936,SCOTER (oil),-1442538815,6,0,1
44,SKANDI RONA,-1354178746,SHELL,78865936,MERGANSER,115750726,6,0,2
45,SKANDI RONA,-1354178746,SHELL,78865936,GANNET G,-949074896,6,0,17
46,ISLAND CHALLENGER,-1182779558,BP,2126,MIRREN,-2020581755,4,0,65
47,ISLAND CHALLENGER,-1182779558,BP,2126,MARNOCK-SKUA (cond),-1044193739,4,0,6
48,ISLAND CHALLENGER,-1182779558,BP,2126,MONAN,73541657,4,0,64
49,ISLAND CHALLENGER,-1182779558,BP,2126,MARNOCK-SKUA (oil),-1834447383,4,0,5
50,SEA TANTALUS,1033933901,NEXEN,74177002,BUZZARD,965041792,2,0,47
51,SEA TANTALUS,1033933901,NEXEN,74177002,GOLDEN EAGLE,1429227533,2,0,46
52,GRAMPIAN SCEPTRE,398550601,REPSOL,-1881188397,ARKWRIGHT,68113087,6,0,8
53,GRAMPIAN SCEPTRE,398550601,REPSOL,-1881188397,GODWIN,2107739616,6,0,14
54,GRAMPIAN SCEPTRE,398550601,REPSOL,-1881188397,WOOD,2670253,6,0,12
55,GRAMPIAN SCEPTRE,398550601,REPSOL,-1881188397,BRECHIN,859081663,6,0,7
56,GRAMPIAN SCEPTRE,398550601,REPSOL,-1881188397,ARBROATH,-952916089,6,0,11
57,GRAMPIAN SCEPTRE,398550601,REPSOL,-1881188397,CARNOUSTIE,-2071798339,6,0,10
58,HAVILA CRUSADER,1798630972,REPSOL,-1881188397,BUCHAN,1970090533,1,0,41
59,VESTLAND CETUS,-1663906517,ENQUEST,-876275271,KITTIWAKE,-28175409,3,0,35
60,VESTLAND CETUS,-1663906517,ENQUEST,-876275271,GROUSE,2110836259,3,0,34
61,VESTLAND CETUS,-1663906517,ENQUEST,-876275271,CRATHES,1743397588,3,0,37
62,SKANDI BARRA,954942860,TOTAL,80012068,ELGIN,66057637,1,0,67
63,SKANDI RONA,-1354178746,SHELL,78865936,GANNET A,-949074902,6,0,18
64,SKANDI RONA,-1354178746,SHELL,78865936,GANNET E,-949074898,6,0,21
65,SKANDI RONA,-1354178746,SHELL,78865936,HERON,68630420,6,0,3
66,SKANDI RONA,-1354178746,SHELL,78865936,GANNET C,-949074900,6,0,20
67,SKANDI RONA,-1354178746,SHELL,78865936,SCOTER (oil),-1442538815,6,0,1
68,SKANDI RONA,-1354178746,SHELL,78865936,GANNET G,-949074896,6,0,17
69,ISLAND CHALLENGER,-1182779558,BP,2126,MIRREN,-2020581755,4,0,65
70,ISLAND CHALLENGER,-1182779558,BP,2126,MARNOCK-SKUA (cond),-1044193739,4,0,6
71,ISLAND CHALLENGER,-1182779558,BP,2126,MONAN,73541657,4,0,64
72,ISLAND CHALLENGER,-1182779558,BP,2126,MARNOCK-SKUA (oil),-1834447383,4,0,5
73,SEA TANTALUS,1033933901,NEXEN,74177002,GOLDEN EAGLE,1429227533,2,0,46
74,SEA TANTALUS,1033933901,NEXEN,74177002,BUZZARD,965041792,2,0,47
75,HAVILA CRUSADER,1798630972,REPSOL,-1881188397,GODWIN,2107739616,7,0,14
76,HAVILA CRUSADER,1798630972,REPSOL,-1881188397,MONTROSE,463927351,7,0,13
77,HAVILA CRUSADER,1798630972,REPSOL,-1881188397,BUCHAN,1970090533,7,0,41
78,HAVILA CRUSADER,1798630972,REPSOL,-1881188397,WOOD,2670253,7,0,12
79,HAVILA CRUSADER,1798630972,REPSOL,-1881188397,BRECHIN,859081663,7,0,7
80,HAVILA CRUSADER,1798630972,REPSOL,-1881188397,ARBROATH,-952916089,7,0,11
81,HAVILA CRUSADER,1798630972,REPSOL,-1881188397,ARKWRIGHT,68113087,7,0,8
82,VESTLAND CETUS,-1663906517,ENQUEST,-876275271,GROUSE,2110836259,3,0,34
83,VESTLAND CETUS,-1663906517,ENQUEST,-876275271,CRATHES,1743397588,3,0,37
84,VESTLAND CETUS,-1663906517,ENQUEST,-876275271,KITTIWAKE,-28175409,3,0,35
85,SKANDI BARRA,954942860,TOTAL,80012068,ELGIN,66057637,1,0,67
86,SKANDI RONA,-1354178746,SHELL,78865936,GANNET A,-949074902,7,0,18
87,SKANDI RONA,-1354178746,SHELL,78865936,GANNET E,-949074898,7,0,21
88,SKANDI RONA,-1354178746,SHELL,78865936,HERON,68630420,7,0,3
89,SKANDI RONA,-1354178746,SHELL,78865936,GANNET C,-949074900,7,0,20
90,SKANDI RONA,-1354178746,SHELL,78865936,SCOTER (oil),-1442538815,7,0,1
91,SKANDI RONA,-1354178746,SHELL,78865936,MERGANSER,115750726,7,0,2
92,SKANDI RONA,-1354178746,SHELL,78865936,GANNET G,-949074896,7,0,17
93,ISLAND CHALLENGER,-1182779558,BP,2126,MIRREN,-2020581755,4,0,65
94,ISLAND CHALLENGER,-1182779558,BP,2126,MARNOCK-SKUA (cond),-1044193739,4,0,6
95,ISLAND CHALLENGER,-1182779558,BP,2126,MONAN,73541657,4,0,64
96,ISLAND CHALLENGER,-1182779558,BP,2126,MARNOCK-SKUA (oil),-1834447383,4,0,5
97,SEA TANTALUS,1033933901,NEXEN,74177002,GOLDEN EAGLE,1429227533,2,0,46
98,SEA TANTALUS,1033933901,NEXEN,74177002,BUZZARD,965041792,2,0,47
99,HAVILA CRUSADER,1798630972,REPSOL,-1881188397,BUCHAN,1970090533,7,0,41
100,HAVILA CRUSADER,1798630972,REPSOL,-1881188397,WOOD,2670253,7,0,12
101,HAVILA CRUSADER,1798630972,REPSOL,-1881188397,BRECHIN,859081663,7,0,7
102,HAVILA CRUSADER,1798630972,REPSOL,-1881188397,ARBROATH,-952916089,7,0,11
103,HAVILA CRUSADER,1798630972,REPSOL,-1881188397,CARNOUSTIE,-2071798339,7,0,10
104,HAVILA CRUSADER,1798630972,REPSOL,-1881188397,ARKWRIGHT,68113087,7,0,8
105,HAVILA CRUSADER,1798630972,REPSOL,-1881188397,GODWIN,2107739616,7,0,14
106,VESTLAND CETUS,-1663906517,ENQUEST,-876275271,KITTIWAKE,-28175409,3,0,35
107,VESTLAND CETUS,-1663906517,ENQUEST,-876275271,GROUSE,2110836259,3,0,34
108,VESTLAND CETUS,-1663906517,ENQUEST,-876275271,CRATHES,1743397588,3,0,37
109,SKANDI BARRA,954942860,TOTAL,80012068,ELGIN,66057637,1,0,67
110,SKANDI RONA,-1354178746,SHELL,78865936,GANNET E,-949074898,3,0,21
111,SKANDI RONA,-1354178746,SHELL,78865936,SCOTER (oil),-1442538815,3,0,1
112,SKANDI RONA,-1354178746,SHELL,78865936,MERGANSER,115750726,3,0,2
113,NORTH PROMISE,-1394967360,SHELL,78865936,HERON,68630420,4,0,3
114,NORTH PROMISE,-1394967360,SHELL,78865936,GANNET C,-949074900,4,0,20
115,NORTH PROMISE,-1394967360,SHELL,78865936,GANNET G,-949074896,4,0,17
116,NORTH PROMISE,-1394967360,SHELL,78865936,GANNET D,-949074899,4,0,16
117,STRIL ODIN,-1180463258,SHELL,78865936,GANNET A,-949074902,1,0,18
118,ISLAND CHALLENGER,-1182779558,BP,2126,MADOES,-2028389875,4,0,66
119,ISLAND CHALLENGER,-1182779558,BP,2126,MIRREN,-2020581755,4,0,65
120,ISLAND CHALLENGER,-1182779558,BP,2126,MARNOCK-SKUA (cond),-1044193739,4,0,6
121,ISLAND CHALLENGER,-1182779558,BP,2126,MONAN,73541657,4,0,64
122,SEA TANTALUS,1033933901,NEXEN,74177002,BUZZARD,965041792,3,0,47
123,SEA TANTALUS,1033933901,NEXEN,74177002,GOLDEN EAGLE,1429227533,3,0,46
124,SEA TANTALUS,1033933901,NEXEN,74177002,ETTRICK,-701815836,3,0,45
125,GRAMPIAN SCEPTRE,398550601,REPSOL,-1881188397,GODWIN,2107739616,4,0,14
126,GRAMPIAN SCEPTRE,398550601,REPSOL,-1881188397,ARBROATH,-952916089,4,0,11
127,GRAMPIAN SCEPTRE,398550601,REPSOL,-1881188397,CARNOUSTIE,-2071798339,4,0,10
128,GRAMPIAN SCEPTRE,398550601,REPSOL,-1881188397,ARKWRIGHT,68113087,4,0,8
129,HAVILA CRUSADER,1798630972,REPSOL,-1881188397,BUCHAN,1970090533,3,0,41
130,HAVILA CRUSADER,1798630972,REPSOL,-1881188397,TWEEDSMUIR,1171872259,3,0,43
131,HAVILA CRUSADER,1798630972,REPSOL,-1881188397,BRECHIN,859081663,3,0,7
132,HAVILA CRUSADER,1798630972,REPSOL,-1881188397,SHAW,2543947,4,0,9
133,HAVILA CRUSADER,1798630972,REPSOL,-1881188397,BRECHIN,859081663,4,0,7
134,HAVILA CRUSADER,1798630972,REPSOL,-1881188397,HANNAY,2123728497,4,0,44
135,HAVILA CRUSADER,1798630972,REPSOL,-1881188397,TWEEDSMUIR SOUTH,-1980599984,4,0,42
136,GRAMPIAN SCEPTRE,398550601,REPSOL,-1881188397,GODWIN,2107739616,1,0,14
137,VESTLAND CETUS,-1663906517,ENQUEST,-876275271,CRATHES,1743397588,2,0,37
138,VESTLAND CETUS,-1663906517,ENQUEST,-876275271,KITTIWAKE,-28175409,2,0,35
139,SKANDI BARRA,954942860,TOTAL,80012068,ELGIN,66057637,1,0,67
140,SKANDI RONA,-1354178746,SHELL,78865936,SCOTER (oil),-1442538815,4,0,1
141,SKANDI RONA,-1354178746,SHELL,78865936,GANNET G,-949074896,4,0,17
142,SKANDI RONA,-1354178746,SHELL,78865936,GANNET A,-949074902,4,0,18
143,SKANDI RONA,-1354178746,SHELL,78865936,GANNET E,-949074898,4,0,21
144,NORTH PROMISE,-1394967360,SHELL,78865936,GANNET D,-949074899,2,0,16
145,NORTH PROMISE,-1394967360,SHELL,78865936,GANNET C,-949074900,2,0,20
146,ISLAND CHALLENGER,-1182779558,BP,2126,MIRREN,-2020581755,4,0,65
147,ISLAND CHALLENGER,-1182779558,BP,2126,MARNOCK-SKUA (cond),-1044193739,4,0,6
148,ISLAND CHALLENGER,-1182779558,BP,2126,MONAN,73541657,4,0,64
149,ISLAND CHALLENGER,-1182779558,BP,2126,MADOES,-2028389875,4,0,66
150,SEA TANTALUS,1033933901,NEXEN,74177002,BUZZARD,965041792,3,0,47
151,SEA TANTALUS,1033933901,NEXEN,74177002,GOLDEN EAGLE,1429227533,3,0,46
152,SEA TANTALUS,1033933901,NEXEN,74177002,ETTRICK,-701815836,3,0,45
153,HAVILA CRUSADER,1798630972,REPSOL,-1881188397,TWEEDSMUIR,1171872259,4,0,43
154,HAVILA CRUSADER,1798630972,REPSOL,-1881188397,HANNAY,2123728497,4,0,44
155,HAVILA CRUSADER,1798630972,REPSOL,-1881188397,TWEEDSMUIR SOUTH,-1980599984,4,0,42
156,HAVILA CRUSADER,1798630972,REPSOL,-1881188397,BUCHAN,1970090533,4,0,41
157,GRAMPIAN SCEPTRE,398550601,REPSOL,-1881188397,SHAW,2543947,6,0,9
158,GRAMPIAN SCEPTRE,398550601,REPSOL,-1881188397,BRECHIN,859081663,6,0,7
159,GRAMPIAN SCEPTRE,398550601,REPSOL,-1881188397,ARBROATH,-952916089,6,0,11
160,GRAMPIAN SCEPTRE,398550601,REPSOL,-1881188397,CARNOUSTIE,-2071798339,6,0,10
161,GRAMPIAN SCEPTRE,398550601,REPSOL,-1881188397,ARKWRIGHT,68113087,6,0,8
162,GRAMPIAN SCEPTRE,398550601,REPSOL,-1881188397,GODWIN,2107739616,6,0,14
163,VESTLAND CETUS,-1663906517,ENQUEST,-876275271,CRATHES,1743397588,2,0,37
164,VESTLAND CETUS,-1663906517,ENQUEST,-876275271,KITTIWAKE,-28175409,2,0,35
165,SKANDI BARRA,954942860,TOTAL,80012068,ELGIN,66057637,1,0,67
166,SKANDI RONA,-1354178746,SHELL,78865936,GANNET E,-949074898,4,0,21
167,SKANDI RONA,-1354178746,SHELL,78865936,GANNET C,-949074900,4,0,20
168,SKANDI RONA,-1354178746,SHELL,78865936,GANNET G,-949074896,4,0,17
169,SKANDI RONA,-1354178746,SHELL,78865936,GANNET D,-949074899,4,0,16
170,SKANDI RONA,-1354178746,SHELL,78865936,GANNET C,-949074900,1,0,20
171,NORTH PROMISE,-1394967360,SHELL,78865936,SCOTER (oil),-1442538815,2,0,1
172,NORTH PROMISE,-1394967360,SHELL,78865936,GANNET A,-949074902,2,0,18
173,NORTH PROMISE,-1394967360,SHELL,78865936,GANNET A,-949074902,1,0,18
174,ISLAND CHALLENGER,-1182779558,BP,2126,MARNOCK-SKUA (cond),-1044193739,4,0,6
175,ISLAND CHALLENGER,-1182779558,BP,2126,MONAN,73541657,4,0,64
176,ISLAND CHALLENGER,-1182779558,BP,2126,MADOES,-2028389875,4,0,66
177,ISLAND CHALLENGER,-1182779558,BP,2126,MIRREN,-2020581755,4,0,65
178,SEA TANTALUS,1033933901,NEXEN,74177002,BUZZARD,965041792,2,0,47
179,SEA TANTALUS,1033933901,NEXEN,74177002,GOLDEN EAGLE,1429227533,2,0,46
180,NORTH     MARINER,657095701,NEXEN,74177002,ETTRICK,-701815836,1,0,45
181,GRAMPIAN SCEPTRE,398550601,REPSOL,-1881188397,BUCHAN,1970090533,4,0,41
182,GRAMPIAN SCEPTRE,398550601,REPSOL,-1881188397,TWEEDSMUIR,1171872259,4,0,43
183,GRAMPIAN SCEPTRE,398550601,REPSOL,-1881188397,ARKWRIGHT,68113087,4,0,8
184,GRAMPIAN SCEPTRE,398550601,REPSOL,-1881188397,TWEEDSMUIR SOUTH,-1980599984,4,0,42
185,HAVILA CRUSADER,1798630972,REPSOL,-1881188397,SHAW,2543947,4,0,9
186,HAVILA CRUSADER,1798630972,REPSOL,-1881188397,BRECHIN,859081663,4,0,7
187,HAVILA CRUSADER,1798630972,REPSOL,-1881188397,ARBROATH,-952916089,4,0,11
188,HAVILA CRUSADER,1798630972,REPSOL,-1881188397,HANNAY,2123728497,4,0,44
189,GRAMPIAN SOVEREIGN,2079437583,REPSOL,-1881188397,CARNOUSTIE,-2071798339,2,0,10
190,GRAMPIAN SOVEREIGN,2079437583,REPSOL,-1881188397,GODWIN,2107739616,2,0,14
191,HAVILA CRUSADER,1798630972,REPSOL,-1881188397,HANNAY,2123728497,1,0,44
192,VESTLAND CETUS,-1663906517,ENQUEST,-876275271,KITTIWAKE,-28175409,2,0,35
193,VESTLAND CETUS,-1663906517,ENQUEST,-876275271,CRATHES,1743397588,2,0,37
194,SKANDI BARRA,954942860,TOTAL,80012068,ELGIN,66057637,1,0,67
195,SKANDI BUCHAN,-443528389,TOTAL,80012068,ELGIN,66057637,1,0,67
196,SKANDI RONA,-1354178746,SHELL,78865936,GANNET E,-949074898,5,0,21
197,SKANDI RONA,-1354178746,SHELL,78865936,GANNET C,-949074900,5,0,20
198,SKANDI RONA,-1354178746,SHELL,78865936,GANNET G,-949074896,5,0,17
199,SKANDI RONA,-1354178746,SHELL,78865936,GANNET D,-949074899,5,0,16
200,SKANDI RONA,-1354178746,SHELL,78865936,GANNET A,-949074902,5,0,18
201,ISLAND CHALLENGER,-1182779558,BP,2126,MIRREN,-2020581755,4,0,65
202,ISLAND CHALLENGER,-1182779558,BP,2126,MARNOCK-SKUA (cond),-1044193739,4,0,6
203,ISLAND CHALLENGER,-1182779558,BP,2126,MONAN,73541657,4,0,64
204,ISLAND CHALLENGER,-1182779558,BP,2126,MADOES,-2028389875,4,0,66
205,SEA TANTALUS,1033933901,NEXEN,74177002,BUZZARD,965041792,3,0,47
206,SEA TANTALUS,1033933901,NEXEN,74177002,GOLDEN EAGLE,1429227533,3,0,46
207,SEA TANTALUS,1033933901,NEXEN,74177002,ETTRICK,-701815836,3,0,45
208,HAVILA CRUSADER,1798630972,REPSOL,-1881188397,GODWIN,2107739616,8,0,14
209,HAVILA CRUSADER,1798630972,REPSOL,-1881188397,TWEEDSMUIR,1171872259,8,0,43
210,HAVILA CRUSADER,1798630972,REPSOL,-1881188397,SHAW,2543947,8,0,9
211,HAVILA CRUSADER,1798630972,REPSOL,-1881188397,BRECHIN,859081663,8,0,7
212,HAVILA CRUSADER,1798630972,REPSOL,-1881188397,CARNOUSTIE,-2071798339,8,0,10
213,HAVILA CRUSADER,1798630972,REPSOL,-1881188397,HANNAY,2123728497,8,0,44
214,HAVILA CRUSADER,1798630972,REPSOL,-1881188397,ARKWRIGHT,68113087,8,0,8
215,HAVILA CRUSADER,1798630972,REPSOL,-1881188397,TWEEDSMUIR SOUTH,-1980599984,8,0,42
216,VESTLAND CETUS,-1663906517,ENQUEST,-876275271,CRATHES,1743397588,2,0,37
217,VESTLAND CETUS,-1663906517,ENQUEST,-876275271,KITTIWAKE,-28175409,2,0,35
218,SKANDI BARRA,954942860,TOTAL,80012068,ELGIN,66057637,1,0,67
219,SKANDI RONA,-1354178746,SHELL,78865936,GANNET E,-949074898,5,0,21
220,SKANDI RONA,-1354178746,SHELL,78865936,HERON,68630420,5,0,3
221,SKANDI RONA,-1354178746,SHELL,78865936,GANNET C,-949074900,5,0,20
222,SKANDI RONA,-1354178746,SHELL,78865936,SCOTER (oil),-1442538815,5,0,1
223,SKANDI RONA,-1354178746,SHELL,78865936,GANNET G,-949074896,5,0,17
224,NORTH PROMISE,-1394967360,SHELL,78865936,GANNET D,-949074899,2,0,16
225,NORTH PROMISE,-1394967360,SHELL,78865936,GANNET A,-949074902,2,0,18
226,ISLAND CHALLENGER,-1182779558,BP,2126,MADOES,-2028389875,5,0,66
227,ISLAND CHALLENGER,-1182779558,BP,2126,MIRREN,-2020581755,5,0,65
228,ISLAND CHALLENGER,-1182779558,BP,2126,MARNOCK-SKUA (cond),-1044193739,5,0,6
229,ISLAND CHALLENGER,-1182779558,BP,2126,MONAN,73541657,5,0,64
230,ISLAND CHALLENGER,-1182779558,BP,2126,MARNOCK-SKUA (oil),-1834447383,5,0,5
231,SEA TANTALUS,1033933901,NEXEN,74177002,GOLDEN EAGLE,1429227533,1,0,46
232,NORTH     MARINER,657095701,NEXEN,74177002,ETTRICK,-701815836,2,0,45
233,NORTH     MARINER,657095701,NEXEN,74177002,BUZZARD,965041792,2,0,47
234,NORTH     MARINER,657095701,NEXEN,74177002,BUZZARD,965041792,1,0,47
235,GRAMPIAN SOVEREIGN,2079437583,REPSOL,-1881188397,GODWIN,2107739616,2,0,14
236,GRAMPIAN SOVEREIGN,2079437583,REPSOL,-1881188397,BUCHAN,1970090533,2,0,41
237,GRAMPIAN SCEPTRE,398550601,REPSOL,-1881188397,TWEEDSMUIR,1171872259,3,0,43
238,GRAMPIAN SCEPTRE,398550601,REPSOL,-1881188397,SHAW,2543947,3,0,9
239,GRAMPIAN SCEPTRE,398550601,REPSOL,-1881188397,BRECHIN,859081663,3,0,7
240,GRAMPIAN SCEPTRE,398550601,REPSOL,-1881188397,SHAW,2543947,2,0,9
241,GRAMPIAN SCEPTRE,398550601,REPSOL,-1881188397,ARKWRIGHT,68113087,2,0,8
242,HAVILA CRUSADER,1798630972,REPSOL,-1881188397,ARBROATH,-952916089,2,0,11
243,HAVILA CRUSADER,1798630972,REPSOL,-1881188397,CARNOUSTIE,-2071798339,2,0,10
244,HAVILA CRUSADER,1798630972,REPSOL,-1881188397,CARNOUSTIE,-2071798339,3,0,10
245,HAVILA CRUSADER,1798630972,REPSOL,-1881188397,HANNAY,2123728497,3,0,44
246,HAVILA CRUSADER,1798630972,REPSOL,-1881188397,TWEEDSMUIR SOUTH,-1980599984,3,0,42
247,VESTLAND CETUS,-1663906517,ENQUEST,-876275271,KITTIWAKE,-28175409,2,0,35
248,VESTLAND CETUS,-1663906517,ENQUEST,-876275271,CRATHES,1743397588,2,0,37
249,SKANDI BARRA,954942860,TOTAL,80012068,ELGIN,66057637,1,0,67
250,STRIL ODIN,-1180463258,SHELL,78865936,GANNET E,-949074898,2,0,21
251,STRIL ODIN,-1180463258,SHELL,78865936,SCOTER (oil),-1442538815,2,0,1
252,STRIL ODIN,-1180463258,SHELL,78865936,GANNET E,-949074898,2,0,21
253,STRIL ODIN,-1180463258,SHELL,78865936,GANNET D,-949074899,2,0,16
254,SKANDI RONA,-1354178746,SHELL,78865936,GANNET C,-949074900,4,0,20
255,SKANDI RONA,-1354178746,SHELL,78865936,MERGANSER,115750726,4,0,2
256,SKANDI RONA,-1354178746,SHELL,78865936,GANNET G,-949074896,4,0,17
257,SKANDI RONA,-1354178746,SHELL,78865936,GANNET A,-949074902,4,0,18
258,NORTH PROMISE,-1394967360,SHELL,78865936,GANNET D,-949074899,1,0,16
259,ISLAND CHALLENGER,-1182779558,BP,2126,MIRREN,-2020581755,1,0,65
260,EDDA FRIGG,2061095641,BP,2126,MIRREN,-2020581755,4,0,65
261,EDDA FRIGG,2061095641,BP,2126,MARNOCK-SKUA (cond),-1044193739,4,0,6
262,EDDA FRIGG,2061095641,BP,2126,MONAN,73541657,4,0,64
263,EDDA FRIGG,2061095641,BP,2126,MARNOCK-SKUA (oil),-1834447383,4,0,5
264,SKANDI CAPTAIN,-537194322,NEXEN,74177002,BUZZARD,965041792,1,0,47
265,NORTH     MARINER,657095701,NEXEN,74177002,BUZZARD,965041792,2,0,47
266,NORTH     MARINER,657095701,NEXEN,74177002,GOLDEN EAGLE,1429227533,2,0,46
267,SEA TANTALUS,1033933901,NEXEN,74177002,GOLDEN EAGLE,1429227533,1,0,46
268,NORTH     MARINER,657095701,NEXEN,74177002,GOLDEN EAGLE,1429227533,2,0,46
269,NORTH     MARINER,657095701,NEXEN,74177002,ETTRICK,-701815836,2,0,45
270,NORTH     MARINER,657095701,NEXEN,74177002,ETTRICK,-701815836,1,0,45
271,GRAMPIAN SCEPTRE,398550601,REPSOL,-1881188397,BRECHIN,859081663,1,0,7
272,FS ARENDAL,-658651070,REPSOL,-1881188397,BRECHIN,859081663,1,0,7
273,FS ARENDAL,-658651070,REPSOL,-1881188397,BRECHIN,859081663,3,0,7
274,FS ARENDAL,-658651070,REPSOL,-1881188397,CAYLEY,1980908645,3,0,15
275,FS ARENDAL,-658651070,REPSOL,-1881188397,BUCHAN,1970090533,3,0,41
276,HAVILA CRUSADER,1798630972,REPSOL,-1881188397,ARBROATH,-952916089,3,0,11
277,HAVILA CRUSADER,1798630972,REPSOL,-1881188397,CARNOUSTIE,-2071798339,3,0,10
278,HAVILA CRUSADER,1798630972,REPSOL,-1881188397,GODWIN,2107739616,3,0,14
279,HAVILA CRUSADER,1798630972,REPSOL,-1881188397,ARBROATH,-952916089,1,0,11
280,GRAMPIAN SOVEREIGN,2079437583,REPSOL,-1881188397,CARNOUSTIE,-2071798339,1,0,10
281,BRAGE SUPPLIER,210364477,REPSOL,-1881188397,GODWIN,2107739616,1,0,14
282,HAVILA CRUSADER,1798630972,REPSOL,-1881188397,GODWIN,2107739616,2,0,14
283,HAVILA CRUSADER,1798630972,REPSOL,-1881188397,MONTROSE,463927351,2,0,13
284,GRAMPIAN SCEPTRE,398550601,REPSOL,-1881188397,SHAW,2543947,1,0,9
285,GRAMPIAN SCEPTRE,398550601,REPSOL,-1881188397,SHAW,2543947,1,0,9
286,VESTLAND MIRA,-1715940720,ENQUEST,-876275271,KITTIWAKE,-28175409,1,0,35
287,VESTLAND CETUS,-1663906517,ENQUEST,-876275271,KITTIWAKE,-28175409,1,0,35
288,SKANDI BARRA,954942860,TOTAL,80012068,ELGIN,66057637,1,0,67
289,SKANDI BUCHAN,-443528389,TOTAL,80012068,ELGIN,66057637,1,0,67
290,NORTH PROMISE,-1394967360,SHELL,78865936,GANNET E,-949074898,1,0,21
291,NORTH PROMISE,-1394967360,SHELL,78865936,GANNET E,-949074898,2,0,21
292,NORTH PROMISE,-1394967360,SHELL,78865936,GANNET D,-949074899,2,0,16
293,SKANDI RONA,-1354178746,SHELL,78865936,GANNET C,-949074900,3,0,20
294,SKANDI RONA,-1354178746,SHELL,78865936,GANNET G,-949074896,3,0,17
295,SKANDI RONA,-1354178746,SHELL,78865936,GANNET A,-949074902,3,0,18
296,SKANDI RONA,-1354178746,SHELL,78865936,SCOTER (oil),-1442538815,1,0,1
297,EDDA FRIGG,2061095641,BP,2126,MIRREN,-2020581755,1,0,65
298,ISLAND CHALLENGER,-1182779558,BP,2126,MARNOCK-SKUA (cond),-1044193739,3,0,6
299,ISLAND CHALLENGER,-1182779558,BP,2126,MONAN,73541657,3,0,64
300,ISLAND CHALLENGER,-1182779558,BP,2126,MARNOCK-SKUA (oil),-1834447383,3,0,5
301,NORTH     MARINER,657095701,NEXEN,74177002,BUZZARD,965041792,1,0,47
302,NORTH     MARINER,657095701,NEXEN,74177002,BUZZARD,965041792,2,0,47
303,NORTH     MARINER,657095701,NEXEN,74177002,ETTRICK,-701815836,2,0,45
304,SEA TANTALUS,1033933901,NEXEN,74177002,GOLDEN EAGLE,1429227533,1,0,46
305,HAVILA CRUSADER,1798630972,REPSOL,-1881188397,CAYLEY,1980908645,3,0,15
306,HAVILA CRUSADER,1798630972,REPSOL,-1881188397,SHAW,2543947,3,0,9
307,HAVILA CRUSADER,1798630972,REPSOL,-1881188397,CARNOUSTIE,-2071798339,3,0,10
308,GRAMPIAN SCEPTRE,398550601,REPSOL,-1881188397,GODWIN,2107739616,1,0,14
309,GRAMPIAN SCEPTRE,398550601,REPSOL,-1881188397,GODWIN,2107739616,2,0,14
310,GRAMPIAN SCEPTRE,398550601,REPSOL,-1881188397,ARBROATH,-952916089,2,0,11
311,HAVILA CRUSADER,1798630972,REPSOL,-1881188397,MONTROSE,463927351,2,0,13
312,HAVILA CRUSADER,1798630972,REPSOL,-1881188397,CARNOUSTIE,-2071798339,2,0,10
313,GRAMPIAN SOVEREIGN,2079437583,REPSOL,-1881188397,BUCHAN,1970090533,2,0,41
314,GRAMPIAN SOVEREIGN,2079437583,REPSOL,-1881188397,BRECHIN,859081663,2,0,7
315,GRAMPIAN SOVEREIGN,2079437583,REPSOL,-1881188397,BRECHIN,859081663,1,0,7
316,VESTLAND CETUS,-1663906517,ENQUEST,-876275271,KITTIWAKE,-28175409,1,0,35
317,SKANDI BARRA,954942860,TOTAL,80012068,ELGIN,66057637,1,0,67
318,SKANDI RONA,-1354178746,SHELL,78865936,GANNET E,-949074898,4,0,21
319,SKANDI RONA,-1354178746,SHELL,78865936,HERON,68630420,4,0,3
320,SKANDI RONA,-1354178746,SHELL,78865936,GANNET C,-949074900,4,0,20
321,SKANDI RONA,-1354178746,SHELL,78865936,GANNET G,-949074896,4,0,17
322,NORTH PROMISE,-1394967360,SHELL,78865936,GANNET D,-949074899,2,0,16
323,NORTH PROMISE,-1394967360,SHELL,78865936,GANNET A,-949074902,2,0,18
324,EDDA FRIGG,2061095641,BP,2126,MIRREN,-2020581755,2,0,65
325,EDDA FRIGG,2061095641,BP,2126,MARNOCK-SKUA (oil),-1834447383,2,0,5
326,ISLAND CHALLENGER,-1182779558,BP,2126,MARNOCK-SKUA (cond),-1044193739,2,0,6
327,ISLAND CHALLENGER,-1182779558,BP,2126,MONAN,73541657,2,0,64
328,SEA TANTALUS,1033933901,NEXEN,74177002,BUZZARD,965041792,1,0,47
329,NORTH     MARINER,657095701,NEXEN,74177002,GOLDEN EAGLE,1429227533,1,0,46
330,NORTH     MARINER,657095701,NEXEN,74177002,GOLDEN EAGLE,1429227533,2,0,46
331,NORTH     MARINER,657095701,NEXEN,74177002,ETTRICK,-701815836,2,0,45
332,GRAMPIAN SOVEREIGN,2079437583,REPSOL,-1881188397,BRECHIN,859081663,2,0,7
333,GRAMPIAN SOVEREIGN,2079437583,REPSOL,-1881188397,SHAW,2543947,2,0,9
334,GRAMPIAN SCEPTRE,398550601,REPSOL,-1881188397,ARBROATH,-952916089,2,0,11
335,GRAMPIAN SCEPTRE,398550601,REPSOL,-1881188397,GODWIN,2107739616,2,0,14
336,HAVILA CRUSADER,1798630972,REPSOL,-1881188397,CARNOUSTIE,-2071798339,3,0,10
337,HAVILA CRUSADER,1798630972,REPSOL,-1881188397,CAYLEY,1980908645,3,0,15
338,HAVILA CRUSADER,1798630972,REPSOL,-1881188397,BUCHAN,1970090533,3,0,41
339,GRAMPIAN SCEPTRE,398550601,REPSOL,-1881188397,GODWIN,2107739616,1,0,14
340,GRAMPIAN SOVEREIGN,2079437583,REPSOL,-1881188397,SHAW,2543947,1,0,9
341,VESTLAND CETUS,-1663906517,ENQUEST,-876275271,KITTIWAKE,-28175409,1,0,35
342,SKANDI BARRA,954942860,TOTAL,80012068,ELGIN,66057637,1,0,67
343,NORTH PROMISE,-1394967360,SHELL,78865936,GANNET D,-949074899,3,0,16
344,NORTH PROMISE,-1394967360,SHELL,78865936,SCOTER (oil),-1442538815,3,0,1
345,NORTH PROMISE,-1394967360,SHELL,78865936,GANNET G,-949074896,3,0,17
346,SKANDI RONA,-1354178746,SHELL,78865936,GANNET A,-949074902,3,0,18
347,SKANDI RONA,-1354178746,SHELL,78865936,GANNET E,-949074898,3,0,21
348,SKANDI RONA,-1354178746,SHELL,78865936,GANNET C,-949074900,3,0,20
349,ISLAND CHALLENGER,-1182779558,BP,2126,MIRREN,-2020581755,4,0,65
350,ISLAND CHALLENGER,-1182779558,BP,2126,MARNOCK-SKUA (cond),-1044193739,4,0,6
351,ISLAND CHALLENGER,-1182779558,BP,2126,MONAN,73541657,4,0,64
352,ISLAND CHALLENGER,-1182779558,BP,2126,MARNOCK-SKUA (oil),-1834447383,4,0,5
353,SEA TANTALUS,1033933901,NEXEN,74177002,BUZZARD,965041792,1,0,47
354,NORTH     MARINER,657095701,NEXEN,74177002,GOLDEN EAGLE,1429227533,1,0,46
355,NORTH     MARINER,657095701,NEXEN,74177002,GOLDEN EAGLE,1429227533,2,0,46
356,NORTH     MARINER,657095701,NEXEN,74177002,ETTRICK,-701815836,2,0,45
357,HAVILA CRUSADER,1798630972,REPSOL,-1881188397,GODWIN,2107739616,3,0,14
358,HAVILA CRUSADER,1798630972,REPSOL,-1881188397,MONTROSE,463927351,3,0,13
359,HAVILA CRUSADER,1798630972,REPSOL,-1881188397,BUCHAN,1970090533,3,0,41
360,GRAMPIAN SOVEREIGN,2079437583,REPSOL,-1881188397,SHAW,2543947,1,0,9
361,GRAMPIAN SOVEREIGN,2079437583,REPSOL,-1881188397,SHAW,2543947,2,0,9
362,GRAMPIAN SOVEREIGN,2079437583,REPSOL,-1881188397,BRECHIN,859081663,2,0,7
363,GRAMPIAN SCEPTRE,398550601,REPSOL,-1881188397,ARBROATH,-952916089,2,0,11
364,GRAMPIAN SCEPTRE,398550601,REPSOL,-1881188397,CARNOUSTIE,-2071798339,2,0,10
365,GRAMPIAN SCEPTRE,398550601,REPSOL,-1881188397,CARNOUSTIE,-2071798339,1,0,10
366,VESTLAND CETUS,-1663906517,ENQUEST,-876275271,KITTIWAKE,-28175409,1,0,35
367,SKANDI BARRA,954942860,TOTAL,80012068,ELGIN,66057637,1,0,67
368,SKANDI RONA,-1354178746,SHELL,78865936,GANNET E,-949074898,4,0,21
369,SKANDI RONA,-1354178746,SHELL,78865936,GANNET C,-949074900,4,0,20
370,SKANDI RONA,-1354178746,SHELL,78865936,MERGANSER,115750726,4,0,2
371,SKANDI RONA,-1354178746,SHELL,78865936,GANNET A,-949074902,4,0,18
372,ISLAND CHALLENGER,-1182779558,BP,2126,MIRREN,-2020581755,4,0,65
373,ISLAND CHALLENGER,-1182779558,BP,2126,MARNOCK-SKUA (cond),-1044193739,4,0,6
374,ISLAND CHALLENGER,-1182779558,BP,2126,MONAN,73541657,4,0,64
375,ISLAND CHALLENGER,-1182779558,BP,2126,MARNOCK-SKUA (oil),-1834447383,4,0,5
376,SEA TANTALUS,1033933901,NEXEN,74177002,BUZZARD,965041792,3,0,47
377,SEA TANTALUS,1033933901,NEXEN,74177002,GOLDEN EAGLE,1429227533,3,0,46
378,SEA TANTALUS,1033933901,NEXEN,74177002,ETTRICK,-701815836,3,0,45
379,HAVILA CRUSADER,1798630972,REPSOL,-1881188397,BUCHAN,1970090533,5,0,41
380,HAVILA CRUSADER,1798630972,REPSOL,-1881188397,BRECHIN,859081663,5,0,7
381,HAVILA CRUSADER,1798630972,REPSOL,-1881188397,ARBROATH,-952916089,5,0,11
382,HAVILA CRUSADER,1798630972,REPSOL,-1881188397,GODWIN,2107739616,5,0,14
383,HAVILA CRUSADER,1798630972,REPSOL,-1881188397,MONTROSE,463927351,5,0,13
384,GRAMPIAN SCEPTRE,398550601,REPSOL,-1881188397,WOOD,2670253,3,0,12
385,GRAMPIAN SCEPTRE,398550601,REPSOL,-1881188397,CARNOUSTIE,-2071798339,3,0,10
386,GRAMPIAN SCEPTRE,398550601,REPSOL,-1881188397,CAYLEY,1980908645,3,0,15
387,SKANDI BARRA,954942860,TOTAL,80012068,ELGIN,66057637,1,0,67
388,NORTH PROMISE,-1394967360,SHELL,78865936,GANNET E,-949074898,2,0,21
389,NORTH PROMISE,-1394967360,SHELL,78865936,HERON,68630420,2,0,3
390,SKANDI RONA,-1354178746,SHELL,78865936,GANNET C,-949074900,2,0,20
391,SKANDI RONA,-1354178746,SHELL,78865936,GANNET A,-949074902,2,0,18
392,ISLAND CHALLENGER,-1182779558,BP,2126,MIRREN,-2020581755,3,0,65
393,ISLAND CHALLENGER,-1182779558,BP,2126,MARNOCK-SKUA (cond),-1044193739,3,0,6
394,ISLAND CHALLENGER,-1182779558,BP,2126,MARNOCK-SKUA (oil),-1834447383,3,0,5
395,NORTH     MARINER,657095701,NEXEN,74177002,ETTRICK,-701815836,3,0,45
396,NORTH     MARINER,657095701,NEXEN,74177002,BUZZARD,965041792,3,0,47
397,NORTH     MARINER,657095701,NEXEN,74177002,GOLDEN EAGLE,1429227533,3,0,46
398,HAVILA CRUSADER,1798630972,REPSOL,-1881188397,BUCHAN,1970090533,3,0,41
399,HAVILA CRUSADER,1798630972,REPSOL,-1881188397,BRECHIN,859081663,3,0,7
400,HAVILA CRUSADER,1798630972,REPSOL,-1881188397,CAYLEY,1980908645,3,0,15
401,GRAMPIAN SCEPTRE,398550601,REPSOL,-1881188397,WOOD,2670253,4,0,12
402,GRAMPIAN SCEPTRE,398550601,REPSOL,-1881188397,ARBROATH,-952916089,4,0,11
403,GRAMPIAN SCEPTRE,398550601,REPSOL,-1881188397,CARNOUSTIE,-2071798339,4,0,10
404,GRAMPIAN SCEPTRE,398550601,REPSOL,-1881188397,GODWIN,2107739616,4,0,14
405,SKANDI BARRA,954942860,TOTAL,80012068,ELGIN,66057637,1,0,67
406,SKANDI RONA,-1354178746,SHELL,78865936,GANNET E,-949074898,4,0,21
407,SKANDI RONA,-1354178746,SHELL,78865936,GANNET C,-949074900,4,0,20
408,SKANDI RONA,-1354178746,SHELL,78865936,SCOTER (oil),-1442538815,4,0,1
409,SKANDI RONA,-1354178746,SHELL,78865936,GANNET A,-949074902,4,0,18
410,ISLAND CHALLENGER,-1182779558,BP,2126,MARNOCK-SKUA (cond),-1044193739,4,0,6
411,ISLAND CHALLENGER,-1182779558,BP,2126,MONAN,73541657,4,0,64
412,ISLAND CHALLENGER,-1182779558,BP,2126,MARNOCK-SKUA (oil),-1834447383,4,0,5
413,ISLAND CHALLENGER,-1182779558,BP,2126,MIRREN,-2020581755,4,0,65
414,SEA TANTALUS,1033933901,NEXEN,74177002,ETTRICK,-701815836,3,0,45
415,SEA TANTALUS,1033933901,NEXEN,74177002,BUZZARD,965041792,3,0,47
416,SEA TANTALUS,1033933901,NEXEN,74177002,GOLDEN EAGLE,1429227533,3,0,46
417,HAVILA CRUSADER,1798630972,REPSOL,-1881188397,BUCHAN,1970090533,3,0,41
418,HAVILA CRUSADER,1798630972,REPSOL,-1881188397,WOOD,2670253,3,0,12
419,HAVILA CRUSADER,1798630972,REPSOL,-1881188397,GODWIN,2107739616,3,0,14
420,GRAMPIAN SCEPTRE,398550601,REPSOL,-1881188397,BRECHIN,859081663,4,0,7
421,GRAMPIAN SCEPTRE,398550601,REPSOL,-1881188397,ARBROATH,-952916089,4,0,11
422,GRAMPIAN SCEPTRE,398550601,REPSOL,-1881188397,CARNOUSTIE,-2071798339,4,0,10
423,GRAMPIAN SCEPTRE,398550601,REPSOL,-1881188397,CAYLEY,1980908645,4,0,15
424,SKANDI BARRA,954942860,TOTAL,80012068,ELGIN,66057637,1,0,67
425,SKANDI BUCHAN,-443528389,TOTAL,80012068,ELGIN,66057637,1,0,67
426,SKANDI RONA,-1354178746,SHELL,78865936,GANNET A,-949074902,1,0,18
427,EDDA FRIGG,2061095641,BP,2126,MARNOCK-SKUA (cond),-1044193739,1,0,6
428,ISLAND CHALLENGER,-1182779558,BP,2126,MARNOCK-SKUA (cond),-1044193739,2,0,6
429,ISLAND CHALLENGER,-1182779558,BP,2126,MONAN,73541657,2,0,64
430,SEA TANTALUS,1033933901,NEXEN,74177002,ETTRICK,-701815836,1,0,45
431,HAVILA CRUSADER,1798630972,REPSOL,-1881188397,BUCHAN,1970090533,3,0,41
432,HAVILA CRUSADER,1798630972,REPSOL,-1881188397,BRECHIN,859081663,3,0,7
433,HAVILA CRUSADER,1798630972,REPSOL,-1881188397,GODWIN,2107739616,3,0,14
434,SKANDI BARRA,954942860,TOTAL,80012068,ELGIN,66057637,1,0,67
435,SKANDI RONA,-1354178746,SHELL,78865936,HERON,68630420,4,0,3
436,SKANDI RONA,-1354178746,SHELL,78865936,SCOTER (oil),-1442538815,4,0,1
437,SKANDI RONA,-1354178746,SHELL,78865936,MERGANSER,115750726,4,0,2
438,SKANDI RONA,-1354178746,SHELL,78865936,GANNET A,-949074902,4,0,18
439,ISLAND CHALLENGER,-1182779558,BP,2126,MARNOCK-SKUA (cond),-1044193739,1,0,6
440,SEA TANTALUS,1033933901,NEXEN,74177002,BUZZARD,965041792,2,0,47
441,SEA TANTALUS,1033933901,NEXEN,74177002,ETTRICK,-701815836,2,0,45
442,HAVILA CRUSADER,1798630972,REPSOL,-1881188397,WOOD,2670253,3,0,12
443,HAVILA CRUSADER,1798630972,REPSOL,-1881188397,ARBROATH,-952916089,3,0,11
444,HAVILA CRUSADER,1798630972,REPSOL,-1881188397,CARNOUSTIE,-2071798339,3,0,10
445,VESTLAND CETUS,-1663906517,ENQUEST,-876275271,KITTIWAKE,-28175409,2,0,35
446,VESTLAND CETUS,-1663906517,ENQUEST,-876275271,MALLARD,1551718303,2,0,32
447,SKANDI BARRA,954942860,TOTAL,80012068,ELGIN,66057637,1,0,67
448,SKANDI BUCHAN,-443528389,TOTAL,80012068,ELGIN,66057637,1,0,67
449,SKANDI BARRA,954942860,TOTAL,80012068,ELGIN,66057637,1,0,67
450,STRIL ODIN,-1180463258,SHELL,78865936,GANNET E,-949074898,2,0,21
451,STRIL ODIN,-1180463258,SHELL,78865936,SCOTER (oil),-1442538815,2,0,1
452,STRIL ODIN,-1180463258,SHELL,78865936,GANNET E,-949074898,2,0,21
453,STRIL ODIN,-1180463258,SHELL,78865936,GANNET A,-949074902,2,0,18
454,SKANDI RONA,-1354178746,SHELL,78865936,GANNET C,-949074900,2,0,20
455,SKANDI RONA,-1354178746,SHELL,78865936,GANNET G,-949074896,2,0,17
456,NORTH PROMISE,-1394967360,SHELL,78865936,MERGANSER,115750726,1,0,2
457,NORTH PROMISE,-1394967360,SHELL,78865936,GANNET A,-949074902,1,0,18
458,SKANDI RONA,-1354178746,SHELL,78865936,GANNET A,-949074902,1,0,18
459,EDDA FRIGG,2061095641,BP,2126,MARNOCK-SKUA (cond),-1044193739,3,0,6
460,EDDA FRIGG,2061095641,BP,2126,MARNOCK-SKUA (oil),-1834447383,3,0,5
461,EDDA FRIGG,2061095641,BP,2126,MIRREN,-2020581755,3,0,65
462,EDDA FRIGG,2061095641,BP,2126,MARNOCK-SKUA (cond),-1044193739,1,0,6
463,ISLAND CHALLENGER,-1182779558,BP,2126,MONAN,73541657,1,0,64
464,SEA TANTALUS,1033933901,NEXEN,74177002,BUZZARD,965041792,1,0,47
465,SKANDI CAPTAIN,-537194322,NEXEN,74177002,GOLDEN EAGLE,1429227533,2,0,46
466,SKANDI CAPTAIN,-537194322,NEXEN,74177002,ETTRICK,-701815836,2,0,45
467,SKANDI CAPTAIN,-537194322,NEXEN,74177002,ETTRICK,-701815836,1,0,45
468,NORTH     MARINER,657095701,NEXEN,74177002,BUZZARD,965041792,1,0,47
469,GRAMPIAN SCEPTRE,398550601,REPSOL,-1881188397,BUCHAN,1970090533,2,0,41
470,GRAMPIAN SCEPTRE,398550601,REPSOL,-1881188397,WOOD,2670253,2,0,12
471,HAVILA CRUSADER,1798630972,REPSOL,-1881188397,SHAW,2543947,3,0,9
472,HAVILA CRUSADER,1798630972,REPSOL,-1881188397,CARNOUSTIE,-2071798339,3,0,10
473,HAVILA CRUSADER,1798630972,REPSOL,-1881188397,CAYLEY,1980908645,3,0,15
474,GRAMPIAN SOVEREIGN,2079437583,REPSOL,-1881188397,BRECHIN,859081663,3,0,7
475,GRAMPIAN SOVEREIGN,2079437583,REPSOL,-1881188397,ARBROATH,-952916089,3,0,11
476,GRAMPIAN SOVEREIGN,2079437583,REPSOL,-1881188397,GODWIN,2107739616,3,0,14
477,HAVILA CRUSADER,1798630972,REPSOL,-1881188397,CARNOUSTIE,-2071798339,1,0,10
478,GRAMPIAN SOVEREIGN,2079437583,REPSOL,-1881188397,GODWIN,2107739616,2,0,14
479,GRAMPIAN SOVEREIGN,2079437583,REPSOL,-1881188397,MONTROSE,463927351,2,0,13
480,VESTLAND MIRA,-1715940720,ENQUEST,-876275271,MALLARD,1551718303,3,0,32
481,VESTLAND MIRA,-1715940720,ENQUEST,-876275271,KITTIWAKE,-28175409,3,0,35
482,VESTLAND MIRA,-1715940720,ENQUEST,-876275271,GADWALL,514602868,3,0,33
483,VESTLAND CETUS,-1663906517,ENQUEST,-876275271,KITTIWAKE,-28175409,1,0,35
484,SKANDI BARRA,954942860,TOTAL,80012068,ELGIN,66057637,1,0,67
485,STRIL ODIN,-1180463258,SHELL,78865936,GANNET E,-949074898,2,0,21
486,STRIL ODIN,-1180463258,SHELL,78865936,GANNET C,-949074900,2,0,20
487,NORTH POMOR,1880019350,SHELL,78865936,HERON,68630420,2,0,3
488,NORTH POMOR,1880019350,SHELL,78865936,GANNET G,-949074896,2,0,17
489,STRIL ODIN,-1180463258,SHELL,78865936,GANNET C,-949074900,2,0,20
490,STRIL ODIN,-1180463258,SHELL,78865936,SCOTER (oil),-1442538815,2,0,1
491,STRIL ODIN,-1180463258,SHELL,78865936,GANNET C,-949074900,1,0,20
492,NORTH PROMISE,-1394967360,SHELL,78865936,MERGANSER,115750726,2,0,2
493,NORTH PROMISE,-1394967360,SHELL,78865936,GANNET A,-949074902,2,0,18
494,SKANDI RONA,-1354178746,SHELL,78865936,GANNET G,-949074896,1,0,17
495,ISLAND CHALLENGER,-1182779558,BP,2126,MIRREN,-2020581755,2,0,65
496,ISLAND CHALLENGER,-1182779558,BP,2126,MADOES,-2028389875,2,0,66
497,BOURBON BORGSTEIN,317407486,BP,2126,MIRREN,-2020581755,2,0,65
498,BOURBON BORGSTEIN,317407486,BP,2126,MARNOCK-SKUA (oil),-1834447383,2,0,5
499,EDDA FRIGG,2061095641,BP,2126,MARNOCK-SKUA (oil),-1834447383,1,0,5
500,BOURBON BORGSTEIN,317407486,BP,2126,MARNOCK-SKUA (oil),-1834447383,1,0,5
501,ISLAND CHALLENGER,-1182779558,BP,2126,MIRREN,-2020581755,1,0,65
502,SKANDI CAPTAIN,-537194322,NEXEN,74177002,GOLDEN EAGLE,1429227533,1,0,46
503,NORTH     MARINER,657095701,NEXEN,74177002,GOLDEN EAGLE,1429227533,1,0,46
504,SEA TANTALUS,1033933901,NEXEN,74177002,GOLDEN EAGLE,1429227533,3,0,46
505,SEA TANTALUS,1033933901,NEXEN,74177002,ETTRICK,-701815836,3,0,45
506,SEA TANTALUS,1033933901,NEXEN,74177002,BUZZARD,965041792,3,0,47
507,SEA TANTALUS,1033933901,NEXEN,74177002,BUZZARD,965041792,1,0,47
508,FS ARENDAL,-658651070,REPSOL,-1881188397,BUCHAN,1970090533,2,0,41
509,FS ARENDAL,-658651070,REPSOL,-1881188397,ARBROATH,-952916089,2,0,11
510,HAVILA CRUSADER,1798630972,REPSOL,-1881188397,SHAW,2543947,2,0,9
511,HAVILA CRUSADER,1798630972,REPSOL,-1881188397,CARNOUSTIE,-2071798339,2,0,10
512,HAVILA CRUSADER,1798630972,REPSOL,-1881188397,SHAW,2543947,1,0,9
513,HAVILA CRUSADER,1798630972,REPSOL,-1881188397,WOOD,2670253,4,0,12
514,HAVILA CRUSADER,1798630972,REPSOL,-1881188397,CARNOUSTIE,-2071798339,4,0,10
515,HAVILA CRUSADER,1798630972,REPSOL,-1881188397,GODWIN,2107739616,4,0,14
516,HAVILA CRUSADER,1798630972,REPSOL,-1881188397,MONTROSE,463927351,4,0,13
517,GRAMPIAN SCEPTRE,398550601,REPSOL,-1881188397,BRECHIN,859081663,1,0,7
518,BRAGE SUPPLIER,210364477,REPSOL,-1881188397,BRECHIN,859081663,1,0,7
519,GRAMPIAN SOVEREIGN,2079437583,REPSOL,-1881188397,CAYLEY,1980908645,1,0,15
520,VESTLAND CETUS,-1663906517,ENQUEST,-876275271,KITTIWAKE,-28175409,3,0,35
521,VESTLAND CETUS,-1663906517,ENQUEST,-876275271,GADWALL,514602868,3,0,33
522,VESTLAND CETUS,-1663906517,ENQUEST,-876275271,MALLARD,1551718303,3,0,32
523,SKANDI BARRA,954942860,TOTAL,80012068,ELGIN,66057637,1,0,67
524,NORTH PROMISE,-1394967360,SHELL,78865936,GANNET G,-949074896,2,0,17
525,NORTH PROMISE,-1394967360,SHELL,78865936,GANNET C,-949074900,2,0,20
526,SKANDI RONA,-1354178746,SHELL,78865936,GANNET A,-949074902,2,0,18
527,SKANDI RONA,-1354178746,SHELL,78865936,GANNET E,-949074898,2,0,21
528,EDDA FRIGG,2061095641,BP,2126,MADOES,-2028389875,1,0,66
529,ISLAND CHALLENGER,-1182779558,BP,2126,MIRREN,-2020581755,2,0,65
530,ISLAND CHALLENGER,-1182779558,BP,2126,MARNOCK-SKUA (oil),-1834447383,2,0,5
531,NORTH     MARINER,657095701,NEXEN,74177002,GOLDEN EAGLE,1429227533,3,0,46
532,NORTH     MARINER,657095701,NEXEN,74177002,ETTRICK,-701815836,3,0,45
533,NORTH     MARINER,657095701,NEXEN,74177002,BUZZARD,965041792,3,0,47
534,GRAMPIAN SCEPTRE,398550601,REPSOL,-1881188397,BUCHAN,1970090533,2,0,41
535,GRAMPIAN SCEPTRE,398550601,REPSOL,-1881188397,CARNOUSTIE,-2071798339,2,0,10
536,GRAMPIAN SCEPTRE,398550601,REPSOL,-1881188397,BUCHAN,1970090533,1,0,41
537,HAVILA CRUSADER,1798630972,REPSOL,-1881188397,SHAW,2543947,2,0,9
538,HAVILA CRUSADER,1798630972,REPSOL,-1881188397,MONTROSE,463927351,2,0,13
539,HAVILA CRUSADER,1798630972,REPSOL,-1881188397,SHAW,2543947,4,0,9
540,HAVILA CRUSADER,1798630972,REPSOL,-1881188397,BRECHIN,859081663,4,0,7
541,HAVILA CRUSADER,1798630972,REPSOL,-1881188397,ARBROATH,-952916089,4,0,11
542,HAVILA CRUSADER,1798630972,REPSOL,-1881188397,CAYLEY,1980908645,4,0,15
543,VESTLAND CETUS,-1663906517,ENQUEST,-876275271,KITTIWAKE,-28175409,3,0,35
544,VESTLAND CETUS,-1663906517,ENQUEST,-876275271,GADWALL,514602868,3,0,33
545,VESTLAND CETUS,-1663906517,ENQUEST,-876275271,MALLARD,1551718303,3,0,32
546,SKANDI BUCHAN,-443528389,TOTAL,80012068,ELGIN,66057637,1,0,67
547,SKANDI BARRA,954942860,TOTAL,80012068,ELGIN,66057637,1,0,67
548,SKANDI RONA,-1354178746,SHELL,78865936,GANNET E,-949074898,5,0,21
549,SKANDI RONA,-1354178746,SHELL,78865936,HERON,68630420,5,0,3
550,SKANDI RONA,-1354178746,SHELL,78865936,GANNET C,-949074900,5,0,20
551,SKANDI RONA,-1354178746,SHELL,78865936,GANNET G,-949074896,5,0,17
552,SKANDI RONA,-1354178746,SHELL,78865936,GANNET A,-949074902,5,0,18
553,ISLAND CHALLENGER,-1182779558,BP,2126,MARNOCK-SKUA (cond),-1044193739,3,0,6
554,ISLAND CHALLENGER,-1182779558,BP,2126,MARNOCK-SKUA (oil),-1834447383,3,0,5
555,ISLAND CHALLENGER,-1182779558,BP,2126,MIRREN,-2020581755,3,0,65
556,EDDA FRIGG,2061095641,BP,2126,MONAN,73541657,1,0,64
557,SEA TANTALUS,1033933901,NEXEN,74177002,BUZZARD,965041792,3,0,47
558,SEA TANTALUS,1033933901,NEXEN,74177002,GOLDEN EAGLE,1429227533,3,0,46
559,SEA TANTALUS,1033933901,NEXEN,74177002,ETTRICK,-701815836,3,0,45
560,HAVILA CRUSADER,1798630972,REPSOL,-1881188397,ARBROATH,-952916089,7,0,11
561,HAVILA CRUSADER,1798630972,REPSOL,-1881188397,CARNOUSTIE,-2071798339,7,0,10
562,HAVILA CRUSADER,1798630972,REPSOL,-1881188397,CAYLEY,1980908645,7,0,15
563,HAVILA CRUSADER,1798630972,REPSOL,-1881188397,GODWIN,2107739616,7,0,14
564,HAVILA CRUSADER,1798630972,REPSOL,-1881188397,SHAW,2543947,7,0,9
565,HAVILA CRUSADER,1798630972,REPSOL,-1881188397,WOOD,2670253,7,0,12
566,HAVILA CRUSADER,1798630972,REPSOL,-1881188397,BRECHIN,859081663,7,0,7
567,VESTLAND CETUS,-1663906517,ENQUEST,-876275271,KITTIWAKE,-28175409,3,0,35
568,VESTLAND CETUS,-1663906517,ENQUEST,-876275271,GADWALL,514602868,3,0,33
569,VESTLAND CETUS,-1663906517,ENQUEST,-876275271,MALLARD,1551718303,3,0,32
570,SKANDI BARRA,954942860,TOTAL,80012068,ELGIN,66057637,1,0,67
571,NORTH PROMISE,-1394967360,SHELL,78865936,GANNET E,-949074898,4,0,21
572,NORTH PROMISE,-1394967360,SHELL,78865936,GANNET C,-949074900,4,0,20
573,NORTH PROMISE,-1394967360,SHELL,78865936,MERGANSER,115750726,4,0,2
574,NORTH PROMISE,-1394967360,SHELL,78865936,GANNET D,-949074899,4,0,16
575,SKANDI RONA,-1354178746,SHELL,78865936,HERON,68630420,2,0,3
576,SKANDI RONA,-1354178746,SHELL,78865936,GANNET A,-949074902,2,0,18
577,NORTH PROMISE,-1394967360,SHELL,78865936,GANNET C,-949074900,2,0,20
578,NORTH PROMISE,-1394967360,SHELL,78865936,SCOTER (oil),-1442538815,2,0,1
579,SEA TANTALUS,1033933901,NEXEN,74177002,GOLDEN EAGLE,1429227533,1,0,46
580,NORTH     MARINER,657095701,NEXEN,74177002,GOLDEN EAGLE,1429227533,2,0,46
581,NORTH     MARINER,657095701,NEXEN,74177002,BUZZARD,965041792,2,0,47
582,GRAMPIAN SCEPTRE,398550601,REPSOL,-1881188397,SHAW,2543947,3,0,9
583,GRAMPIAN SCEPTRE,398550601,REPSOL,-1881188397,WOOD,2670253,3,0,12
584,GRAMPIAN SCEPTRE,398550601,REPSOL,-1881188397,GODWIN,2107739616,3,0,14
585,GRAMPIAN SCEPTRE,398550601,REPSOL,-1881188397,WOOD,2670253,2,0,12
586,GRAMPIAN SCEPTRE,398550601,REPSOL,-1881188397,TWEEDSMUIR SOUTH,-1980599984,2,0,42
587,HAVILA CRUSADER,1798630972,REPSOL,-1881188397,BRECHIN,859081663,3,0,7
588,HAVILA CRUSADER,1798630972,REPSOL,-1881188397,ARBROATH,-952916089,3,0,11
589,HAVILA CRUSADER,1798630972,REPSOL,-1881188397,CARNOUSTIE,-2071798339,3,0,10
590,HAVILA CRUSADER,1798630972,REPSOL,-1881188397,CARNOUSTIE,-2071798339,1,0,10
591,VESTLAND MIRA,-1715940720,ENQUEST,-876275271,GOOSANDER,299801432,1,0,36
592,VESTLAND CETUS,-1663906517,ENQUEST,-876275271,CRATHES,1743397588,2,0,37
593,VESTLAND CETUS,-1663906517,ENQUEST,-876275271,KITTIWAKE,-28175409,2,0,35
594,SKANDI RONA,-1354178746,SHELL,78865936,GANNET D,-949074899,4,0,16
595,SKANDI RONA,-1354178746,SHELL,78865936,GANNET A,-949074902,4,0,18
596,SKANDI RONA,-1354178746,SHELL,78865936,GANNET E,-949074898,4,0,21
597,SKANDI RONA,-1354178746,SHELL,78865936,GANNET C,-949074900,4,0,20
598,ISLAND CHALLENGER,-1182779558,BP,2126,MONAN,73541657,1,0,64
599,SEA TANTALUS,1033933901,NEXEN,74177002,BUZZARD,965041792,2,0,47
600,SEA TANTALUS,1033933901,NEXEN,74177002,GOLDEN EAGLE,1429227533,2,0,46
601,GRAMPIAN SCEPTRE,398550601,REPSOL,-1881188397,SHAW,2543947,7,0,9
602,GRAMPIAN SCEPTRE,398550601,REPSOL,-1881188397,WOOD,2670253,7,0,12
603,GRAMPIAN SCEPTRE,398550601,REPSOL,-1881188397,BRECHIN,859081663,7,0,7
604,GRAMPIAN SCEPTRE,398550601,REPSOL,-1881188397,ARBROATH,-952916089,7,0,11
605,GRAMPIAN SCEPTRE,398550601,REPSOL,-1881188397,CARNOUSTIE,-2071798339,7,0,10
606,GRAMPIAN SCEPTRE,398550601,REPSOL,-1881188397,GODWIN,2107739616,7,0,14
607,GRAMPIAN SCEPTRE,398550601,REPSOL,-1881188397,MONTROSE,463927351,7,0,13
608,HAVILA CRUSADER,1798630972,REPSOL,-1881188397,TWEEDSMUIR SOUTH,-1980599984,2,0,42
609,HAVILA CRUSADER,1798630972,REPSOL,-1881188397,BUCHAN,1970090533,2,0,41
610,VESTLAND CETUS,-1663906517,ENQUEST,-876275271,KITTIWAKE,-28175409,3,0,35
611,VESTLAND CETUS,-1663906517,ENQUEST,-876275271,GOOSANDER,299801432,3,0,36
612,VESTLAND CETUS,-1663906517,ENQUEST,-876275271,CRATHES,1743397588,3,0,37
613,SKANDI BARRA,954942860,TOTAL,80012068,ELGIN,66057637,1,0,67
614,SKANDI BARRA,954942860,TOTAL,80012068,ELGIN,66057637,1,0,67
615,SKANDI BUCHAN,-443528389,TOTAL,80012068,ELGIN,66057637,1,0,67
616,SKANDI RONA,-1354178746,SHELL,78865936,SCOTER (oil),-1442538815,4,0,1
617,SKANDI RONA,-1354178746,SHELL,78865936,GANNET D,-949074899,4,0,16
618,SKANDI RONA,-1354178746,SHELL,78865936,GANNET A,-949074902,4,0,18
619,SKANDI RONA,-1354178746,SHELL,78865936,GANNET C,-949074900,4,0,20
620,ISLAND CHALLENGER,-1182779558,BP,2126,MARNOCK-SKUA (cond),-1044193739,2,0,6
621,ISLAND CHALLENGER,-1182779558,BP,2126,MONAN,73541657,2,0,64
622,SEA TANTALUS,1033933901,NEXEN,74177002,GOLDEN EAGLE,1429227533,1,0,46
623,HAVILA CRUSADER,1798630972,REPSOL,-1881188397,SHAW,2543947,3,0,9
624,HAVILA CRUSADER,1798630972,REPSOL,-1881188397,ARBROATH,-952916089,3,0,11
625,HAVILA CRUSADER,1798630972,REPSOL,-1881188397,TWEEDSMUIR SOUTH,-1980599984,3,0,42
626,VESTLAND CETUS,-1663906517,ENQUEST,-876275271,KITTIWAKE,-28175409,2,0,35
627,VESTLAND CETUS,-1663906517,ENQUEST,-876275271,GOOSANDER,299801432,2,0,36
628,NORTH PROMISE,-1394967360,SHELL,78865936,GANNET E,-949074898,2,0,21
629,NORTH PROMISE,-1394967360,SHELL,78865936,SCOTER (oil),-1442538815,2,0,1
630,NORTH PROMISE,-1394967360,SHELL,78865936,GANNET E,-949074898,2,0,21
631,NORTH PROMISE,-1394967360,SHELL,78865936,GANNET D,-949074899,2,0,16
632,SKANDI RONA,-1354178746,SHELL,78865936,HERON,68630420,3,0,3
633,SKANDI RONA,-1354178746,SHELL,78865936,MERGANSER,115750726,3,0,2
634,SKANDI RONA,-1354178746,SHELL,78865936,GANNET A,-949074902,3,0,18
635,STRIL ODIN,-1180463258,SHELL,78865936,GANNET C,-949074900,1,0,20
636,SKANDI RONA,-1354178746,SHELL,78865936,MERGANSER,115750726,1,0,2
637,STRIL ODIN,-1180463258,SHELL,78865936,GANNET A,-949074902,1,0,18
638,ISLAND CHALLENGER,-1182779558,BP,2126,MONAN,73541657,1,0,64
639,SEA TANTALUS,1033933901,NEXEN,74177002,BUZZARD,965041792,1,0,47
640,SEA TANTALUS,1033933901,NEXEN,74177002,BUZZARD,965041792,2,0,47
641,SEA TANTALUS,1033933901,NEXEN,74177002,GOLDEN EAGLE,1429227533,2,0,46
642,NORTH     MARINER,657095701,NEXEN,74177002,GOLDEN EAGLE,1429227533,1,0,46
643,SKANDI CAPTAIN,-537194322,NEXEN,74177002,GOLDEN EAGLE,1429227533,1,0,46
644,BRAGE SUPPLIER,210364477,REPSOL,-1881188397,WOOD,2670253,2,0,12
645,BRAGE SUPPLIER,210364477,REPSOL,-1881188397,TWEEDSMUIR SOUTH,-1980599984,2,0,42
646,HAVILA CRUSADER,1798630972,REPSOL,-1881188397,BRECHIN,859081663,2,0,7
647,HAVILA CRUSADER,1798630972,REPSOL,-1881188397,BUCHAN,1970090533,2,0,41
648,GRAMPIAN SCEPTRE,398550601,REPSOL,-1881188397,ARBROATH,-952916089,2,0,11
649,GRAMPIAN SCEPTRE,398550601,REPSOL,-1881188397,CARNOUSTIE,-2071798339,2,0,10
650,GRAMPIAN SCEPTRE,398550601,REPSOL,-1881188397,CARNOUSTIE,-2071798339,1,0,10
651,GRAMPIAN SOVEREIGN,2079437583,REPSOL,-1881188397,GODWIN,2107739616,1,0,14
652,GRAMPIAN SOVEREIGN,2079437583,REPSOL,-1881188397,GODWIN,2107739616,2,0,14
653,GRAMPIAN SOVEREIGN,2079437583,REPSOL,-1881188397,SHAW,2543947,2,0,9
654,VESTLAND CETUS,-1663906517,ENQUEST,-876275271,KITTIWAKE,-28175409,1,0,35
655,VESTLAND CETUS,-1663906517,ENQUEST,-876275271,KITTIWAKE,-28175409,2,0,35
656,VESTLAND CETUS,-1663906517,ENQUEST,-876275271,CRATHES,1743397588,2,0,37
657,VESTLAND MIRA,-1715940720,ENQUEST,-876275271,GOOSANDER,299801432,1,0,36
658,SKANDI BUCHAN,-443528389,TOTAL,80012068,ELGIN,66057637,1,0,67
659,SKANDI BARRA,954942860,TOTAL,80012068,ELGIN,66057637,1,0,67
660,NORTH PROMISE,-1394967360,SHELL,78865936,GANNET D,-949074899,2,0,16
661,NORTH PROMISE,-1394967360,SHELL,78865936,GANNET A,-949074902,2,0,18
662,SKANDI RONA,-1354178746,SHELL,78865936,GANNET E,-949074898,3,0,21
663,SKANDI RONA,-1354178746,SHELL,78865936,GANNET C,-949074900,3,0,20
664,SKANDI RONA,-1354178746,SHELL,78865936,GANNET G,-949074896,3,0,17
665,EDDA FRIGG,2061095641,BP,2126,MIRREN,-2020581755,3,0,65
666,EDDA FRIGG,2061095641,BP,2126,MARNOCK-SKUA (cond),-1044193739,3,0,6
667,EDDA FRIGG,2061095641,BP,2126,MARNOCK-SKUA (oil),-1834447383,3,0,5
668,EDDA FRIGG,2061095641,BP,2126,MARNOCK-SKUA (cond),-1044193739,1,0,6
669,ISLAND CHALLENGER,-1182779558,BP,2126,MONAN,73541657,1,0,64
670,SEA TANTALUS,1033933901,NEXEN,74177002,BUZZARD,965041792,2,0,47
671,SEA TANTALUS,1033933901,NEXEN,74177002,GOLDEN EAGLE,1429227533,2,0,46
672,GRAMPIAN SCEPTRE,398550601,REPSOL,-1881188397,BUCHAN,1970090533,4,0,41
673,GRAMPIAN SCEPTRE,398550601,REPSOL,-1881188397,WOOD,2670253,4,0,12
674,GRAMPIAN SCEPTRE,398550601,REPSOL,-1881188397,ARKWRIGHT,68113087,4,0,8
675,GRAMPIAN SCEPTRE,398550601,REPSOL,-1881188397,MONTROSE,463927351,4,0,13
676,HAVILA CRUSADER,1798630972,REPSOL,-1881188397,SHAW,2543947,4,0,9
677,HAVILA CRUSADER,1798630972,REPSOL,-1881188397,ARBROATH,-952916089,4,0,11
678,HAVILA CRUSADER,1798630972,REPSOL,-1881188397,CARNOUSTIE,-2071798339,4,0,10
679,HAVILA CRUSADER,1798630972,REPSOL,-1881188397,GODWIN,2107739616,4,0,14
680,SKANDI BUCHAN,-443528389,TOTAL,80012068,ELGIN,66057637,1,0,67
681,SKANDI BARRA,954942860,TOTAL,80012068,ELGIN,66057637,1,0,67
682,SKANDI RONA,-1354178746,SHELL,78865936,MERGANSER,115750726,3,0,2
683,SKANDI RONA,-1354178746,SHELL,78865936,HERON,68630420,3,0,3
684,SKANDI RONA,-1354178746,SHELL,78865936,SCOTER (oil),-1442538815,3,0,1
685,ISLAND CHALLENGER,-1182779558,BP,2126,MONAN,73541657,2,0,64
686,ISLAND CHALLENGER,-1182779558,BP,2126,MARNOCK-SKUA (oil),-1834447383,2,0,5
687,SEA TANTALUS,1033933901,NEXEN,74177002,BUZZARD,965041792,2,0,47
688,SEA TANTALUS,1033933901,NEXEN,74177002,GOLDEN EAGLE,1429227533,2,0,46
689,SKANDI RONA,-1354178746,SHELL,78865936,GANNET E,-949074898,4,0,21
690,SKANDI RONA,-1354178746,SHELL,78865936,GANNET C,-949074900,4,0,20
691,SKANDI RONA,-1354178746,SHELL,78865936,SCOTER (oil),-1442538815,4,0,1
692,SKANDI RONA,-1354178746,SHELL,78865936,GANNET A,-949074902,4,0,18
693,ISLAND CHALLENGER,-1182779558,BP,2126,MONAN,73541657,2,0,64
694,ISLAND CHALLENGER,-1182779558,BP,2126,MARNOCK-SKUA (cond),-1044193739,2,0,6
695,SEA TANTALUS,1033933901,NEXEN,74177002,GOLDEN EAGLE,1429227533,1,0,46
696,HAVILA CRUSADER,1798630972,REPSOL,-1881188397,BUCHAN,1970090533,1,0,41
697,SKANDI BARRA,954942860,TOTAL,80012068,ELGIN,66057637,1,0,67
698,SKANDI BUCHAN,-443528389,TOTAL,80012068,ELGIN,66057637,1,0,67
699,SKANDI RONA,-1354178746,SHELL,78865936,GANNET A,-949074902,5,0,18
700,SKANDI RONA,-1354178746,SHELL,78865936,GANNET E,-949074898,5,0,21
701,SKANDI RONA,-1354178746,SHELL,78865936,GANNET C,-949074900,5,0,20
702,SKANDI RONA,-1354178746,SHELL,78865936,GANNET G,-949074896,5,0,17
703,SKANDI RONA,-1354178746,SHELL,78865936,GANNET D,-949074899,5,0,16
704,EDDA FRIGG,2061095641,BP,2126,MIRREN,-2020581755,3,0,65
705,EDDA FRIGG,2061095641,BP,2126,MARNOCK-SKUA (cond),-1044193739,3,0,6
706,EDDA FRIGG,2061095641,BP,2126,MARNOCK-SKUA (oil),-1834447383,3,0,5
707,ISLAND CHALLENGER,-1182779558,BP,2126,MONAN,73541657,1,0,64
708,SEA TANTALUS,1033933901,NEXEN,74177002,BUZZARD,965041792,2,0,47
709,SEA TANTALUS,1033933901,NEXEN,74177002,GOLDEN EAGLE,1429227533,2,0,46
710,GRAMPIAN SCEPTRE,398550601,REPSOL,-1881188397,CARNOUSTIE,-2071798339,7,0,10
711,GRAMPIAN SCEPTRE,398550601,REPSOL,-1881188397,ARKWRIGHT,68113087,7,0,8
712,GRAMPIAN SCEPTRE,398550601,REPSOL,-1881188397,GODWIN,2107739616,7,0,14
713,GRAMPIAN SCEPTRE,398550601,REPSOL,-1881188397,MONTROSE,463927351,7,0,13
714,GRAMPIAN SCEPTRE,398550601,REPSOL,-1881188397,SHAW,2543947,7,0,9
715,GRAMPIAN SCEPTRE,398550601,REPSOL,-1881188397,WOOD,2670253,7,0,12
716,GRAMPIAN SCEPTRE,398550601,REPSOL,-1881188397,ARBROATH,-952916089,7,0,11
717,HAVILA CRUSADER,1798630972,REPSOL,-1881188397,BUCHAN,1970090533,1,0,41
718,SKANDI RONA,-1354178746,SHELL,78865936,EGRET,65919135,7,0,4
719,SKANDI RONA,-1354178746,SHELL,78865936,GANNET E,-949074898,7,0,21
720,SKANDI RONA,-1354178746,SHELL,78865936,HERON,68630420,7,0,3
721,SKANDI RONA,-1354178746,SHELL,78865936,GANNET C,-949074900,7,0,20
722,SKANDI RONA,-1354178746,SHELL,78865936,SCOTER (oil),-1442538815,7,0,1
723,SKANDI RONA,-1354178746,SHELL,78865936,MERGANSER,115750726,7,0,2
724,SKANDI RONA,-1354178746,SHELL,78865936,GANNET A,-949074902,7,0,18
725,ISLAND CHALLENGER,-1182779558,BP,2126,MARNOCK-SKUA (oil),-1834447383,4,0,5
726,ISLAND CHALLENGER,-1182779558,BP,2126,MADOES,-2028389875,4,0,66
727,ISLAND CHALLENGER,-1182779558,BP,2126,MARNOCK-SKUA (cond),-1044193739,4,0,6
728,ISLAND CHALLENGER,-1182779558,BP,2126,MONAN,73541657,4,0,64
729,SEA TANTALUS,1033933901,NEXEN,74177002,BUZZARD,965041792,2,0,47
730,SEA TANTALUS,1033933901,NEXEN,74177002,GOLDEN EAGLE,1429227533,2,0,46
731,HAVILA CRUSADER,1798630972,REPSOL,-1881188397,ARKWRIGHT,68113087,3,0,8
732,HAVILA CRUSADER,1798630972,REPSOL,-1881188397,WOOD,2670253,3,0,12
733,HAVILA CRUSADER,1798630972,REPSOL,-1881188397,BRECHIN,859081663,3,0,7
734,SKANDI BARRA,954942860,TOTAL,80012068,ELGIN,66057637,1,0,67
735,SKANDI RONA,-1354178746,SHELL,78865936,GANNET C,-949074900,4,0,20
736,SKANDI RONA,-1354178746,SHELL,78865936,GANNET A,-949074902,4,0,18
737,SKANDI RONA,-1354178746,SHELL,78865936,EGRET,65919135,4,0,4
738,SKANDI RONA,-1354178746,SHELL,78865936,GANNET E,-949074898,4,0,21
739,ISLAND CHALLENGER,-1182779558,BP,2126,MADOES,-2028389875,3,0,66
740,ISLAND CHALLENGER,-1182779558,BP,2126,MONAN,73541657,3,0,64
741,ISLAND CHALLENGER,-1182779558,BP,2126,MARNOCK-SKUA (oil),-1834447383,3,0,5
742,EDDA FRIGG,2061095641,BP,2126,MARNOCK-SKUA (cond),-1044193739,1,0,6
743,SEA TANTALUS,1033933901,NEXEN,74177002,BUZZARD,965041792,2,0,47
744,SEA TANTALUS,1033933901,NEXEN,74177002,GOLDEN EAGLE,1429227533,2,0,46
745,HAVILA CRUSADER,1798630972,REPSOL,-1881188397,BUCHAN,1970090533,5,0,41
746,HAVILA CRUSADER,1798630972,REPSOL,-1881188397,WOOD,2670253,5,0,12
747,HAVILA CRUSADER,1798630972,REPSOL,-1881188397,BRECHIN,859081663,5,0,7
748,HAVILA CRUSADER,1798630972,REPSOL,-1881188397,ARKWRIGHT,68113087,5,0,8
749,HAVILA CRUSADER,1798630972,REPSOL,-1881188397,MONTROSE,463927351,5,0,13
750,SKANDI BARRA,954942860,TOTAL,80012068,ELGIN,66057637,1,0,67
751,STRIL ODIN,-1180463258,SHELL,78865936,EGRET,65919135,2,0,4
752,STRIL ODIN,-1180463258,SHELL,78865936,MERGANSER,115750726,2,0,2
753,STRIL ODIN,-1180463258,SHELL,78865936,EGRET,65919135,2,0,4
754,STRIL ODIN,-1180463258,SHELL,78865936,GANNET A,-949074902,2,0,18
755,NORTH POMOR,1880019350,SHELL,78865936,GANNET E,-949074898,1,0,21
756,SKANDI RONA,-1354178746,SHELL,78865936,GANNET E,-949074898,2,0,21
757,SKANDI RONA,-1354178746,SHELL,78865936,GANNET C,-949074900,2,0,20
758,SKANDI RONA,-1354178746,SHELL,78865936,GANNET C,-949074900,2,0,20
759,SKANDI RONA,-1354178746,SHELL,78865936,SCOTER (oil),-1442538815,2,0,1
760,NORTH PROMISE,-1394967360,SHELL,78865936,GANNET A,-949074902,1,0,18
761,EDDA FRIGG,2061095641,BP,2126,MADOES,-2028389875,3,0,66
762,EDDA FRIGG,2061095641,BP,2126,MONAN,73541657,3,0,64
763,EDDA FRIGG,2061095641,BP,2126,MARNOCK-SKUA (oil),-1834447383,3,0,5
764,EDDA FRIGG,2061095641,BP,2126,MADOES,-2028389875,2,0,66
765,EDDA FRIGG,2061095641,BP,2126,MARNOCK-SKUA (cond),-1044193739,2,0,6
766,ISLAND CHALLENGER,-1182779558,BP,2126,MARNOCK-SKUA (oil),-1834447383,1,0,5
767,SEA TANTALUS,1033933901,NEXEN,74177002,BUZZARD,965041792,1,0,47
768,NORTH     MARINER,657095701,NEXEN,74177002,BUZZARD,965041792,1,0,47
769,NORTH     MARINER,657095701,NEXEN,74177002,BUZZARD,965041792,2,0,47
770,NORTH     MARINER,657095701,NEXEN,74177002,GOLDEN EAGLE,1429227533,2,0,46
771,SKANDI CAPTAIN,-537194322,NEXEN,74177002,GOLDEN EAGLE,1429227533,1,0,46
772,GRAMPIAN SCEPTRE,398550601,REPSOL,-1881188397,WOOD,2670253,1,0,12
773,GRAMPIAN SOVEREIGN,2079437583,REPSOL,-1881188397,WOOD,2670253,1,0,12
774,GRAMPIAN SOVEREIGN,2079437583,REPSOL,-1881188397,WOOD,2670253,2,0,12
775,GRAMPIAN SOVEREIGN,2079437583,REPSOL,-1881188397,BRECHIN,859081663,2,0,7
776,HAVILA CRUSADER,1798630972,REPSOL,-1881188397,BRECHIN,859081663,1,0,7
777,HAVILA CRUSADER,1798630972,REPSOL,-1881188397,ARKWRIGHT,68113087,1,0,8
778,HAVILA CRUSADER,1798630972,REPSOL,-1881188397,ARKWRIGHT,68113087,1,0,8
779,SKANDI RONA,-1354178746,SHELL,78865936,HERON,68630420,1,0,3
780,ISLAND CHALLENGER,-1182779558,BP,2126,MARNOCK-SKUA (cond),-1044193739,1,0,6
781,HAVILA CRUSADER,1798630972,REPSOL,-1881188397,BUCHAN,1970090533,2,0,41
782,HAVILA CRUSADER,1798630972,REPSOL,-1881188397,MONTROSE,463927351,2,0,13
783,SKANDI BARRA,954942860,TOTAL,80012068,ELGIN,66057637,1,0,67
784,SKANDI RONA,-1354178746,SHELL,78865936,EGRET,65919135,5,0,4
785,SKANDI RONA,-1354178746,SHELL,78865936,GANNET E,-949074898,5,0,21
786,SKANDI RONA,-1354178746,SHELL,78865936,GANNET C,-949074900,5,0,20
787,SKANDI RONA,-1354178746,SHELL,78865936,GANNET D,-949074899,5,0,16
788,SKANDI RONA,-1354178746,SHELL,78865936,GANNET A,-949074902,5,0,18
789,ISLAND CHALLENGER,-1182779558,BP,2126,MARNOCK-SKUA (cond),-1044193739,2,0,6
790,ISLAND CHALLENGER,-1182779558,BP,2126,MIRREN,-2020581755,2,0,65
791,EDDA FRIGG,2061095641,BP,2126,MONAN,73541657,1,0,64
792,SEA TANTALUS,1033933901,NEXEN,74177002,BUZZARD,965041792,2,0,47
793,SEA TANTALUS,1033933901,NEXEN,74177002,GOLDEN EAGLE,1429227533,2,0,46
794,HAVILA CRUSADER,1798630972,REPSOL,-1881188397,BUCHAN,1970090533,5,0,41
795,HAVILA CRUSADER,1798630972,REPSOL,-1881188397,SHAW,2543947,5,0,9
796,HAVILA CRUSADER,1798630972,REPSOL,-1881188397,ARBROATH,-952916089,5,0,11
797,HAVILA CRUSADER,1798630972,REPSOL,-1881188397,CARNOUSTIE,-2071798339,5,0,10
798,HAVILA CRUSADER,1798630972,REPSOL,-1881188397,MONTROSE,463927351,5,0,13
799,VESTLAND CETUS,-1663906517,ENQUEST,-876275271,KITTIWAKE,-28175409,1,0,35
800,SKANDI BUCHAN,-443528389,TOTAL,80012068,ELGIN,66057637,1,0,67
801,SKANDI BARRA,954942860,TOTAL,80012068,ELGIN,66057637,1,0,67
802,SKANDI RONA,-1354178746,SHELL,78865936,GANNET E,-949074898,5,0,21
803,SKANDI RONA,-1354178746,SHELL,78865936,GANNET C,-949074900,5,0,20
804,SKANDI RONA,-1354178746,SHELL,78865936,SCOTER (oil),-1442538815,5,0,1
805,SKANDI RONA,-1354178746,SHELL,78865936,MERGANSER,115750726,5,0,2
806,SKANDI RONA,-1354178746,SHELL,78865936,GANNET D,-949074899,5,0,16
807,ISLAND CHALLENGER,-1182779558,BP,2126,MARNOCK-SKUA (cond),-1044193739,3,0,6
808,ISLAND CHALLENGER,-1182779558,BP,2126,MONAN,73541657,3,0,64
809,ISLAND CHALLENGER,-1182779558,BP,2126,MIRREN,-2020581755,3,0,65
810,SEA TANTALUS,1033933901,NEXEN,74177002,BUZZARD,965041792,2,0,47
811,SEA TANTALUS,1033933901,NEXEN,74177002,GOLDEN EAGLE,1429227533,2,0,46
812,HAVILA CRUSADER,1798630972,REPSOL,-1881188397,ARBROATH,-952916089,1,0,11
813,VESTLAND CETUS,-1663906517,ENQUEST,-876275271,KITTIWAKE,-28175409,1,0,35
814,SKANDI BARRA,954942860,TOTAL,80012068,ELGIN,66057637,1,0,67
815,SKANDI RONA,-1354178746,SHELL,78865936,HERON,68630420,3,0,3
816,SKANDI RONA,-1354178746,SHELL,78865936,SCOTER (oil),-1442538815,3,0,1
817,SKANDI RONA,-1354178746,SHELL,78865936,MERGANSER,115750726,3,0,2
818,ISLAND CHALLENGER,-1182779558,BP,2126,MARNOCK-SKUA (cond),-1044193739,1,0,6
819,SEA TANTALUS,1033933901,NEXEN,74177002,GOLDEN EAGLE,1429227533,1,0,46
820,HAVILA CRUSADER,1798630972,REPSOL,-1881188397,BUCHAN,1970090533,2,0,41
821,HAVILA CRUSADER,1798630972,REPSOL,-1881188397,ARBROATH,-952916089,2,0,11
822,SKANDI BARRA,954942860,TOTAL,80012068,ELGIN,66057637,1,0,67
823,SKANDI RONA,-1354178746,SHELL,78865936,EGRET,65919135,5,0,4
824,SKANDI RONA,-1354178746,SHELL,78865936,GANNET E,-949074898,5,0,21
825,SKANDI RONA,-1354178746,SHELL,78865936,GANNET C,-949074900,5,0,20
826,SKANDI RONA,-1354178746,SHELL,78865936,GANNET D,-949074899,5,0,16
827,SKANDI RONA,-1354178746,SHELL,78865936,GANNET A,-949074902,5,0,18
828,ISLAND CHALLENGER,-1182779558,BP,2126,MIRREN,-2020581755,3,0,65
829,ISLAND CHALLENGER,-1182779558,BP,2126,MARNOCK-SKUA (cond),-1044193739,3,0,6
830,ISLAND CHALLENGER,-1182779558,BP,2126,MONAN,73541657,3,0,64
831,SEA TANTALUS,1033933901,NEXEN,74177002,GOLDEN EAGLE,1429227533,2,0,46
832,SEA TANTALUS,1033933901,NEXEN,74177002,BUZZARD,965041792,2,0,47
833,HAVILA CRUSADER,1798630972,REPSOL,-1881188397,MONTROSE,463927351,4,0,13
834,HAVILA CRUSADER,1798630972,REPSOL,-1881188397,SHAW,2543947,4,0,9
835,HAVILA CRUSADER,1798630972,REPSOL,-1881188397,ARBROATH,-952916089,4,0,11
836,HAVILA CRUSADER,1798630972,REPSOL,-1881188397,CARNOUSTIE,-2071798339,4,0,10
837,GRAMPIAN SCEPTRE,398550601,REPSOL,-1881188397,BUCHAN,1970090533,1,0,41
838,VESTLAND CETUS,-1663906517,ENQUEST,-876275271,KITTIWAKE,-28175409,1,0,35
839,SKANDI BARRA,954942860,TOTAL,80012068,ELGIN,66057637,1,0,67
840,SKANDI BUCHAN,-443528389,TOTAL,80012068,ELGIN,66057637,1,0,67
841,SKANDI RONA,-1354178746,SHELL,78865936,GANNET A,-949074902,6,0,18
842,SKANDI RONA,-1354178746,SHELL,78865936,GANNET E,-949074898,6,0,21
843,SKANDI RONA,-1354178746,SHELL,78865936,GANNET C,-949074900,6,0,20
844,SKANDI RONA,-1354178746,SHELL,78865936,SCOTER (oil),-1442538815,6,0,1
845,SKANDI RONA,-1354178746,SHELL,78865936,MERGANSER,115750726,6,0,2
846,SKANDI RONA,-1354178746,SHELL,78865936,GANNET D,-949074899,6,0,16
847,ISLAND CHALLENGER,-1182779558,BP,2126,MARNOCK-SKUA (cond),-1044193739,1,0,6
848,SEA TANTALUS,1033933901,NEXEN,74177002,GOLDEN EAGLE,1429227533,2,0,46
849,SEA TANTALUS,1033933901,NEXEN,74177002,BUZZARD,965041792,2,0,47
850,HAVILA CRUSADER,1798630972,REPSOL,-1881188397,BUCHAN,1970090533,3,0,41
851,HAVILA CRUSADER,1798630972,REPSOL,-1881188397,SHAW,2543947,3,0,9
852,HAVILA CRUSADER,1798630972,REPSOL,-1881188397,ARBROATH,-952916089,3,0,11
853,SKANDI BARRA,954942860,TOTAL,80012068,ELGIN,66057637,1,0,67
854,SKANDI RONA,-1354178746,SHELL,78865936,HERON,68630420,6,0,3
855,SKANDI RONA,-1354178746,SHELL,78865936,GANNET C,-949074900,6,0,20
856,SKANDI RONA,-1354178746,SHELL,78865936,SCOTER (oil),-1442538815,6,0,1
857,SKANDI RONA,-1354178746,SHELL,78865936,GANNET G,-949074896,6,0,17
858,SKANDI RONA,-1354178746,SHELL,78865936,GANNET A,-949074902,6,0,18
859,SKANDI RONA,-1354178746,SHELL,78865936,GANNET E,-949074898,6,0,21
860,ISLAND CHALLENGER,-1182779558,BP,2126,MIRREN,-2020581755,1,0,65
861,SEA TANTALUS,1033933901,NEXEN,74177002,GOLDEN EAGLE,1429227533,3,0,46
862,SEA TANTALUS,1033933901,NEXEN,74177002,ETTRICK,-701815836,3,0,45
863,SEA TANTALUS,1033933901,NEXEN,74177002,BUZZARD,965041792,3,0,47
864,GRAMPIAN SCEPTRE,398550601,REPSOL,-1881188397,BUCHAN,1970090533,1,0,41
865,HAVILA CRUSADER,1798630972,REPSOL,-1881188397,TWEEDSMUIR,1171872259,7,0,43
866,HAVILA CRUSADER,1798630972,REPSOL,-1881188397,SHAW,2543947,7,0,9
867,HAVILA CRUSADER,1798630972,REPSOL,-1881188397,WOOD,2670253,7,0,12
868,HAVILA CRUSADER,1798630972,REPSOL,-1881188397,BRECHIN,859081663,7,0,7
869,HAVILA CRUSADER,1798630972,REPSOL,-1881188397,ARBROATH,-952916089,7,0,11
870,HAVILA CRUSADER,1798630972,REPSOL,-1881188397,CARNOUSTIE,-2071798339,7,0,10
871,HAVILA CRUSADER,1798630972,REPSOL,-1881188397,MONTROSE,463927351,7,0,13
872,VESTLAND CETUS,-1663906517,ENQUEST,-876275271,KITTIWAKE,-28175409,3,0,35
873,VESTLAND CETUS,-1663906517,ENQUEST,-876275271,SCOLTY,-1854442638,3,0,38
874,VESTLAND CETUS,-1663906517,ENQUEST,-876275271,CRATHES,1743397588,3,0,37
875,SKANDI BUCHAN,-443528389,TOTAL,80012068,ELGIN,66057637,1,0,67
876,SKANDI BUCHAN,-443528389,TOTAL,80012068,ELGIN,66057637,1,0,67
877,SKANDI BARRA,954942860,TOTAL,80012068,ELGIN,66057637,1,0,67
878,SKANDI RONA,-1354178746,SHELL,78865936,GANNET E,-949074898,2,0,21
879,SKANDI RONA,-1354178746,SHELL,78865936,GANNET A,-949074902,2,0,18
880,NORTH PROMISE,-1394967360,SHELL,78865936,GANNET C,-949074900,2,0,20
881,NORTH PROMISE,-1394967360,SHELL,78865936,GANNET G,-949074896,2,0,17
882,ISLAND CHALLENGER,-1182779558,BP,2126,MONAN,73541657,2,0,64
883,ISLAND CHALLENGER,-1182779558,BP,2126,MARNOCK-SKUA (cond),-1044193739,2,0,6
884,EDDA FRIGG,2061095641,BP,2126,MIRREN,-2020581755,1,0,65
885,ISLAND CHALLENGER,-1182779558,BP,2126,MONAN,73541657,1,0,64
886,NORTH     MARINER,657095701,NEXEN,74177002,BUZZARD,965041792,2,0,47
887,NORTH     MARINER,657095701,NEXEN,74177002,GOLDEN EAGLE,1429227533,2,0,46
888,SKANDI CAPTAIN,-537194322,NEXEN,74177002,GOLDEN EAGLE,1429227533,1,0,46
889,SEA TANTALUS,1033933901,NEXEN,74177002,GOLDEN EAGLE,1429227533,1,0,46
890,NORTH     MARINER,657095701,NEXEN,74177002,GOLDEN EAGLE,1429227533,2,0,46
891,NORTH     MARINER,657095701,NEXEN,74177002,ETTRICK,-701815836,2,0,45
892,NORTH     MARINER,657095701,NEXEN,74177002,ETTRICK,-701815836,1,0,45
893,BRAGE SUPPLIER,210364477,REPSOL,-1881188397,BUCHAN,1970090533,2,0,41
894,BRAGE SUPPLIER,210364477,REPSOL,-1881188397,TWEEDSMUIR,1171872259,2,0,43
895,HAVILA CRUSADER,1798630972,REPSOL,-1881188397,SHAW,2543947,3,0,9
896,HAVILA CRUSADER,1798630972,REPSOL,-1881188397,CARNOUSTIE,-2071798339,3,0,10
897,HAVILA CRUSADER,1798630972,REPSOL,-1881188397,MONTROSE,463927351,3,0,13
898,HAVILA CRUSADER,1798630972,REPSOL,-1881188397,SHAW,2543947,2,0,9
899,HAVILA CRUSADER,1798630972,REPSOL,-1881188397,ARBROATH,-952916089,2,0,11
900,GRAMPIAN SCEPTRE,398550601,REPSOL,-1881188397,WOOD,2670253,3,0,12
901,GRAMPIAN SCEPTRE,398550601,REPSOL,-1881188397,BRECHIN,859081663,3,0,7
902,GRAMPIAN SCEPTRE,398550601,REPSOL,-1881188397,ARKWRIGHT,68113087,3,0,8
903,GRAMPIAN SOVEREIGN,2079437583,REPSOL,-1881188397,CARNOUSTIE,-2071798339,1,0,10
904,BRAGE SUPPLIER,210364477,REPSOL,-1881188397,BUCHAN,1970090533,1,0,41
905,VESTLAND CETUS,-1663906517,ENQUEST,-876275271,SCOLTY,-1854442638,3,0,38
906,VESTLAND CETUS,-1663906517,ENQUEST,-876275271,CRATHES,1743397588,3,0,37
907,VESTLAND CETUS,-1663906517,ENQUEST,-876275271,KITTIWAKE,-28175409,3,0,35
908,SKANDI BARRA,954942860,TOTAL,80012068,ELGIN,66057637,1,0,67
909,SKANDI RONA,-1354178746,SHELL,78865936,GANNET E,-949074898,7,0,21
910,SKANDI RONA,-1354178746,SHELL,78865936,HERON,68630420,7,0,3
911,SKANDI RONA,-1354178746,SHELL,78865936,GANNET C,-949074900,7,0,20
912,SKANDI RONA,-1354178746,SHELL,78865936,SCOTER (oil),-1442538815,7,0,1
913,SKANDI RONA,-1354178746,SHELL,78865936,MERGANSER,115750726,7,0,2
914,SKANDI RONA,-1354178746,SHELL,78865936,GANNET G,-949074896,7,0,17
915,SKANDI RONA,-1354178746,SHELL,78865936,GANNET A,-949074902,7,0,18
916,ISLAND CHALLENGER,-1182779558,BP,2126,MARNOCK-SKUA (cond),-1044193739,2,0,6
917,ISLAND CHALLENGER,-1182779558,BP,2126,MONAN,73541657,2,0,64
918,SEA TANTALUS,1033933901,NEXEN,74177002,BUZZARD,965041792,1,0,47
919,HAVILA CRUSADER,1798630972,REPSOL,-1881188397,TWEEDSMUIR,1171872259,3,0,43
920,HAVILA CRUSADER,1798630972,REPSOL,-1881188397,BRECHIN,859081663,3,0,7
921,HAVILA CRUSADER,1798630972,REPSOL,-1881188397,ARBROATH,-952916089,3,0,11
922,VESTLAND CETUS,-1663906517,ENQUEST,-876275271,CRATHES,1743397588,2,0,37
923,VESTLAND CETUS,-1663906517,ENQUEST,-876275271,KITTIWAKE,-28175409,2,0,35
924,SKANDI BARRA,954942860,TOTAL,80012068,ELGIN,66057637,1,0,67
925,SKANDI BUCHAN,-443528389,TOTAL,80012068,ELGIN,66057637,1,0,67
926,SKANDI RONA,-1354178746,SHELL,78865936,GANNET G,-949074896,4,0,17
927,SKANDI RONA,-1354178746,SHELL,78865936,GANNET A,-949074902,4,0,18
928,SKANDI RONA,-1354178746,SHELL,78865936,GANNET E,-949074898,4,0,21
929,SKANDI RONA,-1354178746,SHELL,78865936,GANNET C,-949074900,4,0,20
930,NORTH PROMISE,-1394967360,SHELL,78865936,GANNET A,-949074902,1,0,18
931,SKANDI RONA,-1354178746,SHELL,78865936,GANNET C,-949074900,1,0,20
932,ISLAND CHALLENGER,-1182779558,BP,2126,MONAN,73541657,1,0,64
933,EDDA FRIGG,2061095641,BP,2126,MIRREN,-2020581755,1,0,65
934,EDDA FRIGG,2061095641,BP,2126,MIRREN,-2020581755,2,0,65
935,EDDA FRIGG,2061095641,BP,2126,MARNOCK-SKUA (cond),-1044193739,2,0,6
936,NORTH     MARINER,657095701,NEXEN,74177002,BUZZARD,965041792,1,0,47
937,SEA TANTALUS,1033933901,NEXEN,74177002,GOLDEN EAGLE,1429227533,2,0,46
938,SEA TANTALUS,1033933901,NEXEN,74177002,ETTRICK,-701815836,2,0,45
939,GRAMPIAN SCEPTRE,398550601,REPSOL,-1881188397,TWEEDSMUIR,1171872259,2,0,43
940,GRAMPIAN SCEPTRE,398550601,REPSOL,-1881188397,BUCHAN,1970090533,2,0,41
941,HAVILA CRUSADER,1798630972,REPSOL,-1881188397,SHAW,2543947,4,0,9
942,HAVILA CRUSADER,1798630972,REPSOL,-1881188397,BRECHIN,859081663,4,0,7
943,HAVILA CRUSADER,1798630972,REPSOL,-1881188397,ARBROATH,-952916089,4,0,11
944,HAVILA CRUSADER,1798630972,REPSOL,-1881188397,CARNOUSTIE,-2071798339,4,0,10
945,HAVILA CRUSADER,1798630972,REPSOL,-1881188397,WOOD,2670253,3,0,12
946,HAVILA CRUSADER,1798630972,REPSOL,-1881188397,CARNOUSTIE,-2071798339,3,0,10
947,HAVILA CRUSADER,1798630972,REPSOL,-1881188397,MONTROSE,463927351,3,0,13
948,GRAMPIAN SCEPTRE,398550601,REPSOL,-1881188397,ARKWRIGHT,68113087,1,0,8
949,VESTLAND CETUS,-1663906517,ENQUEST,-876275271,CRATHES,1743397588,3,0,37
950,VESTLAND CETUS,-1663906517,ENQUEST,-876275271,KITTIWAKE,-28175409,3,0,35
951,VESTLAND CETUS,-1663906517,ENQUEST,-876275271,SCOLTY,-1854442638,3,0,38
952,SKANDI BARRA,954942860,TOTAL,80012068,ELGIN,66057637,1,0,67
953,SKANDI RONA,-1354178746,SHELL,78865936,SCOTER (oil),-1442538815,3,0,1
954,SKANDI RONA,-1354178746,SHELL,78865936,MERGANSER,115750726,3,0,2
955,SKANDI RONA,-1354178746,SHELL,78865936,HERON,68630420,3,0,3
956,ISLAND CHALLENGER,-1182779558,BP,2126,MIRREN,-2020581755,2,0,65
957,ISLAND CHALLENGER,-1182779558,BP,2126,MARNOCK-SKUA (cond),-1044193739,2,0,6
958,SEA TANTALUS,1033933901,NEXEN,74177002,GOLDEN EAGLE,1429227533,1,0,46
959,NORTH     MARINER,657095701,NEXEN,74177002,GOLDEN EAGLE,1429227533,1,0,46
960,NORTH     MARINER,657095701,NEXEN,74177002,ETTRICK,-701815836,1,0,45
961,HAVILA CRUSADER,1798630972,REPSOL,-1881188397,SHAW,2543947,2,0,9
962,HAVILA CRUSADER,1798630972,REPSOL,-1881188397,ARKWRIGHT,68113087,2,0,8
963,GRAMPIAN SCEPTRE,398550601,REPSOL,-1881188397,WOOD,2670253,2,0,12
964,GRAMPIAN SCEPTRE,398550601,REPSOL,-1881188397,CARNOUSTIE,-2071798339,2,0,10
965,VESTLAND CETUS,-1663906517,ENQUEST,-876275271,SCOLTY,-1854442638,1,0,38
966,SKANDI BUCHAN,-443528389,TOTAL,80012068,ELGIN,66057637,1,0,67
967,SKANDI BARRA,954942860,TOTAL,80012068,ELGIN,66057637,1,0,67
968,SKANDI RONA,-1354178746,SHELL,78865936,EGRET,65919135,5,0,4
969,SKANDI RONA,-1354178746,SHELL,78865936,GANNET E,-949074898,5,0,21
970,SKANDI RONA,-1354178746,SHELL,78865936,GANNET C,-949074900,5,0,20
971,SKANDI RONA,-1354178746,SHELL,78865936,GANNET G,-949074896,5,0,17
972,SKANDI RONA,-1354178746,SHELL,78865936,GANNET A,-949074902,5,0,18
973,EDDA FRIGG,2061095641,BP,2126,MIRREN,-2020581755,2,0,65
974,EDDA FRIGG,2061095641,BP,2126,MARNOCK-SKUA (cond),-1044193739,2,0,6
975,ISLAND CHALLENGER,-1182779558,BP,2126,MONAN,73541657,1,0,64
976,SEA TANTALUS,1033933901,NEXEN,74177002,GOLDEN EAGLE,1429227533,2,0,46
977,SEA TANTALUS,1033933901,NEXEN,74177002,BUZZARD,965041792,2,0,47
978,HAVILA CRUSADER,1798630972,REPSOL,-1881188397,BUCHAN,1970090533,4,0,41
979,HAVILA CRUSADER,1798630972,REPSOL,-1881188397,BRECHIN,859081663,4,0,7
980,HAVILA CRUSADER,1798630972,REPSOL,-1881188397,ARKWRIGHT,68113087,4,0,8
981,HAVILA CRUSADER,1798630972,REPSOL,-1881188397,MONTROSE,463927351,4,0,13
982,HAVILA CRUSADER,1798630972,REPSOL,-1881188397,BUCHAN,1970090533,1,0,41
983,GRAMPIAN SCEPTRE,398550601,REPSOL,-1881188397,SHAW,2543947,4,0,9
984,GRAMPIAN SCEPTRE,398550601,REPSOL,-1881188397,ARBROATH,-952916089,4,0,11
985,GRAMPIAN SCEPTRE,398550601,REPSOL,-1881188397,CARNOUSTIE,-2071798339,4,0,10
986,GRAMPIAN SCEPTRE,398550601,REPSOL,-1881188397,GODWIN,2107739616,4,0,14
987,VESTLAND CETUS,-1663906517,ENQUEST,-876275271,KITTIWAKE,-28175409,4,0,35
988,VESTLAND CETUS,-1663906517,ENQUEST,-876275271,GADWALL,514602868,4,0,33
989,VESTLAND CETUS,-1663906517,ENQUEST,-876275271,MALLARD,1551718303,4,0,32
990,VESTLAND CETUS,-1663906517,ENQUEST,-876275271,GROUSE,2110836259,4,0,34
991,SKANDI BARRA,954942860,TOTAL,80012068,ELGIN,66057637,1,0,67
992,EDDA FERD,205022069,SHELL,78865936,EGRET,65919135,1,0,4
993,EDDA FERD,205022069,SHELL,78865936,EGRET,65919135,3,0,4
994,EDDA FERD,205022069,SHELL,78865936,GANNET E,-949074898,3,0,21
995,EDDA FERD,205022069,SHELL,78865936,HERON,68630420,3,0,3
996,STRIL ODIN,-1180463258,SHELL,78865936,GANNET E,-949074898,1,0,21
997,NORTH POMOR,1880019350,SHELL,78865936,GANNET C,-949074900,1,0,20
998,NORTH POMOR,1880019350,SHELL,78865936,GANNET C,-949074900,3,0,20
999,NORTH POMOR,1880019350,SHELL,78865936,MERGANSER,115750726,3,0,2
1000,NORTH POMOR,1880019350,SHELL,78865936,GANNET A,-949074902,3,0,18
1001,NORTH PROMISE,-1394967360,SHELL,78865936,SCOTER (oil),-1442538815,2,0,1
1002,NORTH PROMISE,-1394967360,SHELL,78865936,GANNET G,-949074896,2,0,17
1003,NORTH PROMISE,-1394967360,SHELL,78865936,GANNET G,-949074896,1,0,17
1004,SKANDI RONA,-1354178746,SHELL,78865936,GANNET A,-949074902,1,0,18
1005,ISLAND CHALLENGER,-1182779558,BP,2126,MIRREN,-2020581755,1,0,65
1006,EDDA FRIGG,2061095641,BP,2126,MIRREN,-2020581755,3,0,65
1007,EDDA FRIGG,2061095641,BP,2126,MARNOCK-SKUA (cond),-1044193739,3,0,6
1008,EDDA FRIGG,2061095641,BP,2126,MONAN,73541657,3,0,64
1009,NORTH     MARINER,657095701,NEXEN,74177002,GOLDEN EAGLE,1429227533,1,0,46
1010,SKANDI CAPTAIN,-537194322,NEXEN,74177002,GOLDEN EAGLE,1429227533,1,0,46
1011,SEA TANTALUS,1033933901,NEXEN,74177002,BUZZARD,965041792,1,0,47
1012,SKANDI CAPTAIN,-537194322,NEXEN,74177002,BUZZARD,965041792,1,0,47
1013,SKANDI CAPTAIN,-537194322,NEXEN,74177002,BUZZARD,965041792,1,0,47
1014,FS ARENDAL,-658651070,REPSOL,-1881188397,BUCHAN,1970090533,2,0,41
1015,FS ARENDAL,-658651070,REPSOL,-1881188397,CARNOUSTIE,-2071798339,2,0,10
1016,BRAGE TRADER,52434495,REPSOL,-1881188397,SHAW,2543947,2,0,9
1017,BRAGE TRADER,52434495,REPSOL,-1881188397,GODWIN,2107739616,2,0,14
1018,BRAGE TRADER,52434495,REPSOL,-1881188397,SHAW,2543947,1,0,9
1019,BRAGE SUPPLIER,210364477,REPSOL,-1881188397,BRECHIN,859081663,1,0,7
1020,GRAMPIAN SCEPTRE,398550601,REPSOL,-1881188397,BRECHIN,859081663,2,0,7
1021,GRAMPIAN SCEPTRE,398550601,REPSOL,-1881188397,ARBROATH,-952916089,2,0,11
1022,GRAMPIAN SCEPTRE,398550601,REPSOL,-1881188397,ARBROATH,-952916089,1,0,11
1023,HAVILA CRUSADER,1798630972,REPSOL,-1881188397,CARNOUSTIE,-2071798339,1,0,10
1024,GRAMPIAN SOVEREIGN,2079437583,REPSOL,-1881188397,ARKWRIGHT,68113087,2,0,8
1025,GRAMPIAN SOVEREIGN,2079437583,REPSOL,-1881188397,MONTROSE,463927351,2,0,13
1026,GRAMPIAN SOVEREIGN,2079437583,REPSOL,-1881188397,ARKWRIGHT,68113087,1,0,8
1027,VESTLAND CETUS,-1663906517,ENQUEST,-876275271,KITTIWAKE,-28175409,2,0,35
1028,VESTLAND CETUS,-1663906517,ENQUEST,-876275271,GROUSE,2110836259,2,0,34
1029,VESTLAND MIRA,-1715940720,ENQUEST,-876275271,GADWALL,514602868,1,0,33
1030,NS FRAYJA,-206017290,ENQUEST,-876275271,GADWALL,514602868,2,0,33
1031,NS FRAYJA,-206017290,ENQUEST,-876275271,MALLARD,1551718303,2,0,32
1032,NS FRAYJA,-206017290,ENQUEST,-876275271,MALLARD,1551718303,1,0,32
1033,VESTLAND CETUS,-1663906517,ENQUEST,-876275271,GROUSE,2110836259,1,0,34
1034,SKANDI BUCHAN,-443528389,TOTAL,80012068,ELGIN,66057637,1,0,67
1035,SKANDI BARRA,954942860,TOTAL,80012068,ELGIN,66057637,1,0,67
1036,SKANDI BARRA,954942860,TOTAL,80012068,ELGIN,66057637,1,0,67
1037,SKANDI RONA,-1354178746,SHELL,78865936,GANNET C,-949074900,1,0,20
1038,SKANDI RONA,-1354178746,SHELL,78865936,GANNET C,-949074900,2,0,20
1039,SKANDI RONA,-1354178746,SHELL,78865936,GANNET G,-949074896,2,0,17
1040,STRIL ODIN,-1180463258,SHELL,78865936,GANNET A,-949074902,2,0,18
1041,STRIL ODIN,-1180463258,SHELL,78865936,EGRET,65919135,2,0,4
1042,STRIL ODIN,-1180463258,SHELL,78865936,EGRET,65919135,1,0,4
1043,NORTH PROMISE,-1394967360,SHELL,78865936,GANNET E,-949074898,1,0,21
1044,ISLAND CHALLENGER,-1182779558,BP,2126,MIRREN,-2020581755,1,0,65
1045,EDDA FRIGG,2061095641,BP,2126,MARNOCK-SKUA (cond),-1044193739,2,0,6
1046,EDDA FRIGG,2061095641,BP,2126,MONAN,73541657,2,0,64
1047,EDDA FRIGG,2061095641,BP,2126,MARNOCK-SKUA (cond),-1044193739,1,0,6
1048,SEA TANTALUS,1033933901,NEXEN,74177002,GOLDEN EAGLE,1429227533,1,0,46
1049,NORTH     MARINER,657095701,NEXEN,74177002,BUZZARD,965041792,1,0,47
1050,GRAMPIAN SCEPTRE,398550601,REPSOL,-1881188397,CARNOUSTIE,-2071798339,1,0,10
1051,HAVILA CRUSADER,1798630972,REPSOL,-1881188397,ARKWRIGHT,68113087,2,0,8
1052,HAVILA CRUSADER,1798630972,REPSOL,-1881188397,BUCHAN,1970090533,2,0,41
1053,BRAGE SUPPLIER,210364477,REPSOL,-1881188397,GODWIN,2107739616,2,0,14
1054,BRAGE SUPPLIER,210364477,REPSOL,-1881188397,MONTROSE,463927351,2,0,13
1055,BRAGE SUPPLIER,210364477,REPSOL,-1881188397,GODWIN,2107739616,2,0,14
1056,BRAGE SUPPLIER,210364477,REPSOL,-1881188397,ARBROATH,-952916089,2,0,11
1057,HAVILA CRUSADER,1798630972,REPSOL,-1881188397,BUCHAN,1970090533,1,0,41
1058,HAVILA CRUSADER,1798630972,REPSOL,-1881188397,BUCHAN,1970090533,1,0,41
1059,GRAMPIAN SOVEREIGN,2079437583,REPSOL,-1881188397,SHAW,2543947,1,0,9
1060,GRAMPIAN SOVEREIGN,2079437583,REPSOL,-1881188397,SHAW,2543947,2,0,9
1061,GRAMPIAN SOVEREIGN,2079437583,REPSOL,-1881188397,BRECHIN,859081663,2,0,7
1062,VESTLAND CETUS,-1663906517,ENQUEST,-876275271,MALLARD,1551718303,2,0,32
1063,VESTLAND CETUS,-1663906517,ENQUEST,-876275271,KITTIWAKE,-28175409,2,0,35
1064,VESTLAND MIRA,-1715940720,ENQUEST,-876275271,GROUSE,2110836259,1,0,34
1065,VESTLAND MIRA,-1715940720,ENQUEST,-876275271,GROUSE,2110836259,2,0,34
1066,VESTLAND MIRA,-1715940720,ENQUEST,-876275271,GADWALL,514602868,2,0,33
1067,VESTLAND CETUS,-1663906517,ENQUEST,-876275271,KITTIWAKE,-28175409,1,0,35
1068,SKANDI BUCHAN,-443528389,TOTAL,80012068,ELGIN,66057637,1,0,67
1069,SKANDI BARRA,954942860,TOTAL,80012068,ELGIN,66057637,1,0,67
1070,SKANDI RONA,-1354178746,SHELL,78865936,EGRET,65919135,3,0,4
1071,SKANDI RONA,-1354178746,SHELL,78865936,SCOTER (oil),-1442538815,3,0,1
1072,SKANDI RONA,-1354178746,SHELL,78865936,MERGANSER,115750726,3,0,2
1073,SKANDI RONA,-1354178746,SHELL,78865936,EGRET,65919135,3,0,4
1074,SKANDI RONA,-1354178746,SHELL,78865936,HERON,68630420,3,0,3
1075,SKANDI RONA,-1354178746,SHELL,78865936,GANNET A,-949074902,3,0,18
1076,STRIL ODIN,-1180463258,SHELL,78865936,GANNET E,-949074898,1,0,21
1077,NORTH POMOR,1880019350,SHELL,78865936,GANNET C,-949074900,1,0,20
1078,NORTH POMOR,1880019350,SHELL,78865936,GANNET C,-949074900,2,0,20
1079,NORTH POMOR,1880019350,SHELL,78865936,GANNET G,-949074896,2,0,17
1080,NORTH PROMISE,-1394967360,SHELL,78865936,GANNET A,-949074902,1,0,18
1081,EDDA FRIGG,2061095641,BP,2126,MIRREN,-2020581755,2,0,65
1082,EDDA FRIGG,2061095641,BP,2126,MADOES,-2028389875,2,0,66
1083,ISLAND CHALLENGER,-1182779558,BP,2126,MARNOCK-SKUA (cond),-1044193739,1,0,6
1084,SEA TANTALUS,1033933901,NEXEN,74177002,GOLDEN EAGLE,1429227533,1,0,46
1085,NORTH     MARINER,657095701,NEXEN,74177002,GOLDEN EAGLE,1429227533,2,0,46
1086,NORTH     MARINER,657095701,NEXEN,74177002,BUZZARD,965041792,2,0,47
1087,NORTH     MARINER,657095701,NEXEN,74177002,BUZZARD,965041792,1,0,47
1088,HAVILA CRUSADER,1798630972,REPSOL,-1881188397,SHAW,2543947,2,0,9
1089,HAVILA CRUSADER,1798630972,REPSOL,-1881188397,CARNOUSTIE,-2071798339,2,0,10
1090,GRAMPIAN SCEPTRE,398550601,REPSOL,-1881188397,WOOD,2670253,3,0,12
1091,GRAMPIAN SCEPTRE,398550601,REPSOL,-1881188397,ARKWRIGHT,68113087,3,0,8
1092,GRAMPIAN SCEPTRE,398550601,REPSOL,-1881188397,GODWIN,2107739616,3,0,14
1093,BRAGE SUPPLIER,210364477,REPSOL,-1881188397,BRECHIN,859081663,2,0,7
1094,BRAGE SUPPLIER,210364477,REPSOL,-1881188397,ARBROATH,-952916089,2,0,11
1095,BRAGE SUPPLIER,210364477,REPSOL,-1881188397,ARBROATH,-952916089,1,0,11
1096,HAVILA CRUSADER,1798630972,REPSOL,-1881188397,CARNOUSTIE,-2071798339,1,0,10
1097,GRAMPIAN SCEPTRE,398550601,REPSOL,-1881188397,CARNOUSTIE,-2071798339,2,0,10
1098,GRAMPIAN SCEPTRE,398550601,REPSOL,-1881188397,ARKWRIGHT,68113087,2,0,8
1099,GRAMPIAN SOVEREIGN,2079437583,REPSOL,-1881188397,GODWIN,2107739616,1,0,14
1100,VESTLAND CETUS,-1663906517,ENQUEST,-876275271,GROUSE,2110836259,1,0,34
1101,VESTLAND CETUS,-1663906517,ENQUEST,-876275271,GROUSE,2110836259,2,0,34
1102,VESTLAND CETUS,-1663906517,ENQUEST,-876275271,GADWALL,514602868,2,0,33
1103,VESTLAND MIRA,-1715940720,ENQUEST,-876275271,KITTIWAKE,-28175409,2,0,35
1104,VESTLAND MIRA,-1715940720,ENQUEST,-876275271,MALLARD,1551718303,2,0,32
1105,VESTLAND MIRA,-1715940720,ENQUEST,-876275271,MALLARD,1551718303,1,0,32
1106,SKANDI BARRA,954942860,TOTAL,80012068,ELGIN,66057637,1,0,67
1107,SKANDI BUCHAN,-443528389,TOTAL,80012068,ELGIN,66057637,1,0,67
1108,STRIL ODIN,-1180463258,SHELL,78865936,EGRET,65919135,2,0,4
1109,STRIL ODIN,-1180463258,SHELL,78865936,GANNET E,-949074898,2,0,21
1110,NORTH POMOR,1880019350,SHELL,78865936,GANNET E,-949074898,1,0,21
1111,SKANDI RONA,-1354178746,SHELL,78865936,GANNET C,-949074900,1,0,20
1112,SKANDI RONA,-1354178746,SHELL,78865936,GANNET C,-949074900,2,0,20
1113,SKANDI RONA,-1354178746,SHELL,78865936,GANNET A,-949074902,2,0,18
1114,NORTH PROMISE,-1394967360,SHELL,78865936,GANNET A,-949074902,1,0,18
1115,STRIL ODIN,-1180463258,SHELL,78865936,EGRET,65919135,1,0,4
1116,ISLAND CHALLENGER,-1182779558,BP,2126,MADOES,-2028389875,2,0,66
1117,ISLAND CHALLENGER,-1182779558,BP,2126,MONAN,73541657,2,0,64
1118,ISLAND CHALLENGER,-1182779558,BP,2126,MADOES,-2028389875,1,0,66
1119,BOURBON BORGSTEIN,317407486,BP,2126,MARNOCK-SKUA (cond),-1044193739,1,0,6
1120,EDDA FRIGG,2061095641,BP,2126,MARNOCK-SKUA (cond),-1044193739,1,0,6
1121,NORTH     MARINER,657095701,NEXEN,74177002,GOLDEN EAGLE,1429227533,2,0,46
1122,NORTH     MARINER,657095701,NEXEN,74177002,BUZZARD,965041792,2,0,47
1123,SKANDI CAPTAIN,-537194322,NEXEN,74177002,BUZZARD,965041792,1,0,47
1124,NORTH     MARINER,657095701,NEXEN,74177002,BUZZARD,965041792,1,0,47
1125,SEA TANTALUS,1033933901,NEXEN,74177002,GOLDEN EAGLE,1429227533,1,0,46
1126,BRAGE SUPPLIER,210364477,REPSOL,-1881188397,BUCHAN,1970090533,3,0,41
1127,BRAGE SUPPLIER,210364477,REPSOL,-1881188397,WOOD,2670253,3,0,12
1128,BRAGE SUPPLIER,210364477,REPSOL,-1881188397,MONTROSE,463927351,3,0,13
1129,GRAMPIAN SCEPTRE,398550601,REPSOL,-1881188397,WOOD,2670253,1,0,12
1130,HAVILA CRUSADER,1798630972,REPSOL,-1881188397,ARBROATH,-952916089,2,0,11
1131,HAVILA CRUSADER,1798630972,REPSOL,-1881188397,CARNOUSTIE,-2071798339,2,0,10
1132,HAVILA CRUSADER,1798630972,REPSOL,-1881188397,ARBROATH,-952916089,1,0,11
1133,GRAMPIAN SOVEREIGN,2079437583,REPSOL,-1881188397,CARNOUSTIE,-2071798339,1,0,10
1134,SKANDI BARRA,954942860,TOTAL,80012068,ELGIN,66057637,1,0,67
1135,SKANDI RONA,-1354178746,SHELL,78865936,GANNET C,-949074900,2,0,20
1136,SKANDI RONA,-1354178746,SHELL,78865936,SCOTER (oil),-1442538815,2,0,1
1137,SKANDI RONA,-1354178746,SHELL,78865936,GANNET C,-949074900,1,0,20
1138,SKANDI RONA,-1354178746,SHELL,78865936,GANNET C,-949074900,2,0,20
1139,SKANDI RONA,-1354178746,SHELL,78865936,GANNET A,-949074902,2,0,18
1140,STRIL ODIN,-1180463258,SHELL,78865936,MERGANSER,115750726,2,0,2
1141,STRIL ODIN,-1180463258,SHELL,78865936,EGRET,65919135,2,0,4
1142,NORTH PROMISE,-1394967360,SHELL,78865936,GANNET A,-949074902,1,0,18
1143,STRIL ODIN,-1180463258,SHELL,78865936,EGRET,65919135,1,0,4
1144,STRIL ODIN,-1180463258,SHELL,78865936,EGRET,65919135,3,0,4
1145,STRIL ODIN,-1180463258,SHELL,78865936,GANNET E,-949074898,3,0,21
1146,STRIL ODIN,-1180463258,SHELL,78865936,HERON,68630420,3,0,3
1147,NORTH POMOR,1880019350,SHELL,78865936,GANNET E,-949074898,1,0,21
1148,EDDA FRIGG,2061095641,BP,2126,MADOES,-2028389875,1,0,66
1149,ISLAND CHALLENGER,-1182779558,BP,2126,MADOES,-2028389875,1,0,66
1150,SEA TANTALUS,1033933901,NEXEN,74177002,BUZZARD,965041792,1,0,47
1151,SEA TANTALUS,1033933901,NEXEN,74177002,BUZZARD,965041792,2,0,47
1152,SEA TANTALUS,1033933901,NEXEN,74177002,GOLDEN EAGLE,1429227533,2,0,46
1153,NORTH     MARINER,657095701,NEXEN,74177002,GOLDEN EAGLE,1429227533,1,0,46
1154,SKANDI CAPTAIN,-537194322,NEXEN,74177002,BUZZARD,965041792,1,0,47
1155,SEA TANTALUS,1033933901,NEXEN,74177002,BUZZARD,965041792,1,0,47
1156,BRAGE SUPPLIER,210364477,REPSOL,-1881188397,CARNOUSTIE,-2071798339,1,0,10
1157,BRAGE SUPPLIER,210364477,REPSOL,-1881188397,CARNOUSTIE,-2071798339,2,0,10
1158,BRAGE SUPPLIER,210364477,REPSOL,-1881188397,ARBROATH,-952916089,2,0,11
1159,GRAMPIAN SCEPTRE,398550601,REPSOL,-1881188397,WOOD,2670253,1,0,12
1160,GRAMPIAN SOVEREIGN,2079437583,REPSOL,-1881188397,WOOD,2670253,1,0,12
1161,BRAGE SUPPLIER,210364477,REPSOL,-1881188397,ARBROATH,-952916089,1,0,11
1162,HAVILA CRUSADER,1798630972,REPSOL,-1881188397,CARNOUSTIE,-2071798339,1,0,10
1163,SKANDI BARRA,954942860,TOTAL,80012068,ELGIN,66057637,1,0,67
1164,SKANDI BUCHAN,-443528389,TOTAL,80012068,ELGIN,66057637,1,0,67
1165,SKANDI RONA,-1354178746,SHELL,78865936,EGRET,65919135,4,0,4
1166,SKANDI RONA,-1354178746,SHELL,78865936,HERON,68630420,4,0,3
1167,SKANDI RONA,-1354178746,SHELL,78865936,GANNET C,-949074900,4,0,20
1168,SKANDI RONA,-1354178746,SHELL,78865936,SCOTER (oil),-1442538815,4,0,1
1169,NORTH PROMISE,-1394967360,SHELL,78865936,GANNET E,-949074898,3,0,21
1170,NORTH PROMISE,-1394967360,SHELL,78865936,MERGANSER,115750726,3,0,2
1171,NORTH PROMISE,-1394967360,SHELL,78865936,GANNET A,-949074902,3,0,18
1172,EDDA FRIGG,2061095641,BP,2126,MADOES,-2028389875,3,0,66
1173,EDDA FRIGG,2061095641,BP,2126,MARNOCK-SKUA (cond),-1044193739,3,0,6
1174,EDDA FRIGG,2061095641,BP,2126,MONAN,73541657,3,0,64
1175,ISLAND CHALLENGER,-1182779558,BP,2126,MARNOCK-SKUA (cond),-1044193739,1,0,6
1176,SEA TANTALUS,1033933901,NEXEN,74177002,BUZZARD,965041792,2,0,47
1177,SEA TANTALUS,1033933901,NEXEN,74177002,GOLDEN EAGLE,1429227533,2,0,46
1178,HAVILA CRUSADER,1798630972,REPSOL,-1881188397,CARNOUSTIE,-2071798339,5,0,10
1179,HAVILA CRUSADER,1798630972,REPSOL,-1881188397,MONTROSE,463927351,5,0,13
1180,HAVILA CRUSADER,1798630972,REPSOL,-1881188397,BUCHAN,1970090533,5,0,41
1181,HAVILA CRUSADER,1798630972,REPSOL,-1881188397,WOOD,2670253,5,0,12
1182,HAVILA CRUSADER,1798630972,REPSOL,-1881188397,ARBROATH,-952916089,5,0,11
1183,GRAMPIAN SCEPTRE,398550601,REPSOL,-1881188397,BUCHAN,1970090533,1,0,41
1184,HAVILA CRUSADER,1798630972,REPSOL,-1881188397,WOOD,2670253,1,0,12
